first_name,last_name,nickname,team,profile_url
Aarae,Alexander,,Team Lloyd Irvin,https://www.bjjheroes.com/?p=8141
Aaron,Johnson,Tex,Unity JJ,https://www.bjjheroes.com/?p=9246
Abdurakhman,Bilarov,,Team Nogueira,https://www.bjjheroes.com/?p=8494
Abmar,Barbosa,,,https://www.bjjheroes.com/?p=390
Abraham,Marte Messina,,Yamasaki / Basico,https://www.bjjheroes.com/?p=3083
Achilles,Rocha,,VRMA,https://www.bjjheroes.com/?p=14157
Adam,Benayoun,,Fifty/50 Martial Arts Academy,https://www.bjjheroes.com/?p=8814
Adam,Ferrara,,GF Team,https://www.bjjheroes.com/?p=8131
Adam,Kayoom,,BKK BJJ,https://www.bjjheroes.com/?p=1133
Adam,Wardzinski,Megatron,Checkmat,https://www.bjjheroes.com/?p=7478
Ademir,Barreto,,GF Team,https://www.bjjheroes.com/?p=13245
Admilson,Brites,Juquinha,Gracie Humaita,https://www.bjjheroes.com/?p=6339
Admilson,Gobi Junior,,,https://www.bjjheroes.com/?p=8968
Aniel,Bonifacio,,Rodrigo Carvalho JJ,https://www.bjjheroes.com/?p=9541
Adele,Fornarino,,Team Dominance,https://www.bjjheroes.com/?p=13498
Adriana,Martins,,Akxe,https://www.bjjheroes.com/?p=699
Adriano,Martins,,,https://www.bjjheroes.com/?p=1116
Adriano,Silva,,Barbosa JJ,https://www.bjjheroes.com/?p=909
AJ,Agazarm,,Gracie Barra,https://www.bjjheroes.com/?p=4328
Alan,Belcher,,,https://www.bjjheroes.com/?p=2189
Alan,do Nascimento,Finfou,Checkmat,https://www.bjjheroes.com/?p=289
Alan,Moraes,,Carlson Gracie,https://www.bjjheroes.com/?p=2583
Alan,Sanchez,,10th Planet,https://www.bjjheroes.com/?p=12235
Alberto,Carmona,Beto,Akxe,https://www.bjjheroes.com/?p=696
Alberto,Crane,,Gracie Barra,https://www.bjjheroes.com/?p=2611
Alef,Brito,,Ares JJ,https://www.bjjheroes.com/?p=9876
Alex,Martins,,AMBJJ,https://www.bjjheroes.com/?p=7660
Alex,Munis,,,https://www.bjjheroes.com/?p=11746
Alex,Nguyen,,Standard JJ,https://www.bjjheroes.com/?p=13084
Alessandra,Vieira,Leka,,https://www.bjjheroes.com/?p=1131
Alexander,Trans,,Checkmat,https://www.bjjheroes.com/?p=1757
Alessandro,Capodeferro,,Barbosa JJ,https://www.bjjheroes.com/?p=1567
Alehander,Mariano,,Atos,https://www.bjjheroes.com/?p=13533
Alexandre,Barauna,,GF Team,https://www.bjjheroes.com/?p=9166
Alexandre,Cavaliere,,Alliance,https://www.bjjheroes.com/?p=9312
Alexandre,de Souza,Pop,Gracie Floripa,https://www.bjjheroes.com/?p=449
Alexandre,Ceconi,,,https://www.bjjheroes.com/?p=474
Alexandre,de Freitas,Soca,Soca BJJ,https://www.bjjheroes.com/?p=727
Alexandre,Jesus,Robinho,Calasans JJ,https://www.bjjheroes.com/?p=9793
Alexandre,Manara,Lele,Lotus Club,https://www.bjjheroes.com/?p=14205
Alexandre,Molinaro,,Carlson Gracie,https://www.bjjheroes.com/?p=9407
Alexandre,Paiva,Gigi,Alliance,https://www.bjjheroes.com/?p=666
Alexandre,Pimentel,Pulga,Nova Geracao,https://www.bjjheroes.com/?p=311
Alexandre,Puga,,Alliance,https://www.bjjheroes.com/?p=1671
Alexandre,Ribeiro,Xande,Ribeiro JJ,https://www.bjjheroes.com/?p=84
Alexandre,Santos,,Cia Paulista,https://www.bjjheroes.com/?p=1517
Alexandre,Vieira,,BTT,https://www.bjjheroes.com/?p=8525
Alexandria,Enriquez,,Atos,https://www.bjjheroes.com/?p=12569
Alexsandro,Machado,Baiano,Checkmat,https://www.bjjheroes.com/?p=891
Alexis,Alduncin,,Renzo Gracie Mexico,https://www.bjjheroes.com/?p=9377
Alexsandro,Sodre,,Clube Feijão JJ,https://www.bjjheroes.com/?p=8884
Ali,Monfaradi,,,https://www.bjjheroes.com/?p=10004
Allan,Goes,,,https://www.bjjheroes.com/?p=826
Alvaro,Barreto,,,https://www.bjjheroes.com/?p=2052
Alvaro,Bobadilla,Cabecao,GF Team,https://www.bjjheroes.com/?p=1553
Amal,Amjahid,,C.E.N.S. Academy,https://www.bjjheroes.com/?p=9058
Amanda,Alequin / Santana,Tubby,Marcio Cruz JJ,https://www.bjjheroes.com/?p=7012
Amanda,Bruse,,Atos,https://www.bjjheroes.com/?p=14146
Amanda,Leve,,,https://www.bjjheroes.com/?p=12064
Amanda,Magda,,Frates JJ,https://www.bjjheroes.com/?p=13078
Amanda,Monteiro,,GF Team,https://www.bjjheroes.com/?p=8301
Amaury,Bitetti,,,https://www.bjjheroes.com/?p=486
Amin,Touati,,Royce Gracie BJJ,https://www.bjjheroes.com/?p=1391
Amy,Campo,,Zenith JJ,https://www.bjjheroes.com/?p=12639
Ana Carolina,Lima Silva,,,https://www.bjjheroes.com/?p=13832
Ana Carolina,Schmitt,,,https://www.bjjheroes.com/?p=8888
Ana Carolina,Vieira,,GF Team,https://www.bjjheroes.com/?p=6979
Ana Laura,Cordeiro,,Gracie Barra,https://www.bjjheroes.com/?p=2357
Ana Maria,Soares,India,,https://www.bjjheroes.com/?p=276
Anabel,Lopez,,FZN / Checkmat,https://www.bjjheroes.com/?p=13920
Anderson,Munis,,,https://www.bjjheroes.com/?p=11685
Anderson,Pereira,Deton,Brazilian Top Team,https://www.bjjheroes.com/?p=249
Andrea,Baggio,,Manimal,https://www.bjjheroes.com/?p=1101
Andre,Almeida,,Gracie Barra,https://www.bjjheroes.com/?p=9615
Andre,Almeida,Dedeco,American Top Team,https://www.bjjheroes.com/?p=1716
Andre,Galvao,,Atos,https://www.bjjheroes.com/?p=144
Andre,Gois,,Alliance,https://www.bjjheroes.com/?p=11646
Andre,Maracaba,,Maracaba BJJ,https://www.bjjheroes.com/?p=7747
Andre,Monteiro,,Nova Geracao,https://www.bjjheroes.com/?p=1640
Andre,Pederneiras,Dedé,Nova Uniao,https://www.bjjheroes.com/?p=78
Andre,Porfirio,,Fight Sports,https://www.bjjheroes.com/?p=11384
Andre,Quiles,,,https://www.bjjheroes.com/?p=1414
Andre,Terencio,Negao,Brazil 021,https://www.bjjheroes.com/?p=314
Andressa,Cintra,,Checkmat,https://www.bjjheroes.com/?p=8519
Andrew,Soares Santos,,,https://www.bjjheroes.com/?p=13930
Andrew,Wiltse,,Pedigo Submission Fighting,https://www.bjjheroes.com/?p=11808
Andrew,Tackett,,Brazilian Fight Factory,https://www.bjjheroes.com/?p=13172
Andy,Murasaki,,Atos,https://www.bjjheroes.com/?p=11878
Andy,Varela,,10th Planet,https://www.bjjheroes.com/?p=12703
Angelica,Galvao,,Atos,https://www.bjjheroes.com/?p=8293
Angelo,Claiborne,,Team Lloyd Irvin,https://www.bjjheroes.com/?p=10638
Anna,Rodrigues,,Dream Art,https://www.bjjheroes.com/?p=10764
Anthony,Pacenski,Tony,BJJ Revolution,https://www.bjjheroes.com/?p=540
Anthony,Perosh,The Hippo,Machado JJ,https://www.bjjheroes.com/?p=1104
Anthony,Scales,AJ,Nova Uniao,https://www.bjjheroes.com/?p=957
Antonio Carlos,Junior,"Cara de Sapato, Shoe Face",Checkmat,https://www.bjjheroes.com/?p=1236
Antonio,de Melo,,Brazil 021,https://www.bjjheroes.com/?p=1536
Antonio,Peinado,Batista,Alliance,https://www.bjjheroes.com/?p=911
Antonio Roberto,Crivelari,Juninho,Checkmat,https://www.bjjheroes.com/?p=9130
Antonio Rodrigo,Nogueira,Minotauro,,https://www.bjjheroes.com/?p=1865
Antonio,Schembri,Nino,,https://www.bjjheroes.com/?p=12
Antonio,Braga Neto,,Gordo JJ,https://www.bjjheroes.com/?p=387
Arley,Pacheco,,Gracie Barra,https://www.bjjheroes.com/?p=13364
Arlisson,Melo,Kiki,Nova Uniao,https://www.bjjheroes.com/?p=584
Arthur,Detanico,,JA BJJ,https://www.bjjheroes.com/?p=9931
Ariel,Tabak,,,https://www.bjjheroes.com/?p=13175
Ary,Farias,Aryzinho,Atos,https://www.bjjheroes.com/?p=260
Arya,Esfandmaz,,Pure JJ,https://www.bjjheroes.com/?p=11703
Armando,Wridt,Dedinho,Gracie JJ,https://www.bjjheroes.com/?p=381
Ashley,Williams,,Chris Rees JJ,https://www.bjjheroes.com/?p=9401
Augusto,Ferrari,,,https://www.bjjheroes.com/?p=1167
Augusto,Mendes,Tanquinho,Soul Fighters,https://www.bjjheroes.com/?p=188
Augusto,Monteiro,,Associação Monteiro,https://www.bjjheroes.com/?p=2606
Aurelie,Le Vern,,Gracie Humaita,https://www.bjjheroes.com/?p=13332
Austin,Baker,,Gracie Barra,https://www.bjjheroes.com/?p=12203
Austin,Oranday,,Oranday Bros,https://www.bjjheroes.com/?p=13849
Baret,Yoshida,,Undisputed,https://www.bjjheroes.com/?p=1023
Beatriz,Mesquita,,Gracie Humaita,https://www.bjjheroes.com/?p=1119
Ben,Baxter,,Gracie Humaita,https://www.bjjheroes.com/?p=1998
Bernardo,Faria,,Alliance,https://www.bjjheroes.com/?p=425
Bernardo,Pitel,,Nova Uniao,https://www.bjjheroes.com/?p=1433
Bianca,Andrade,,Gracie Barra,https://www.bjjheroes.com/?p=1158
Bibiano,Fernandes,,Gracie Barra,https://www.bjjheroes.com/?p=471
Bill,Cooper,The Grill,,https://www.bjjheroes.com/?p=898
Brandon,Walensky,,Clark Gracie Academy,https://www.bjjheroes.com/?p=9385
Brenda,Heller,,GD Jiu Jitsu,https://www.bjjheroes.com/?p=9048
Brenda,Larissa,,Escola Melqui Galvão,https://www.bjjheroes.com/?p=10862
Bianca,Basilio,,Almeida JJ,https://www.bjjheroes.com/?p=7535
Jay Dee,Penn,"BJ, The Prodigy",,https://www.bjjheroes.com/?p=253
Brandon,Mullins,Wolverine,Gracie Barra,https://www.bjjheroes.com/?p=2358
Braulio,Estima,Carcara,Gracie Barra,https://www.bjjheroes.com/?p=422
Brian,Beauchamp,,Equipe Fabricio,https://www.bjjheroes.com/?p=8298
Brian,Beaury,,Brian Beaury BJJ,https://www.bjjheroes.com/?p=9640
Brian,Giorgio,,Alliance,https://www.bjjheroes.com/?p=11354
Brianna,Ste-Marie,,BTT,https://www.bjjheroes.com/?p=12599
Brigida,Carvalho Felipe,,Vision,https://www.bjjheroes.com/?p=13577
Bruno,Alves,,Gracie Barra,https://www.bjjheroes.com/?p=1659
Bruno,Amorim,Robinho,Gracie Barra,https://www.bjjheroes.com/?p=222
Bruno,Barbosa,,,https://www.bjjheroes.com/?p=7568
Bruno,Bastos,,Nova Uniao,https://www.bjjheroes.com/?p=637
Bruno,de Paula,,Alliance,https://www.bjjheroes.com/?p=684
Bruno,Ferreira,,Nova Geracao,https://www.bjjheroes.com/?p=1707
Bruno,Frazatto,,Atos,https://www.bjjheroes.com/?p=174
Bruno,Lima,,AMA BJJ,https://www.bjjheroes.com/?p=10176
Bruno,Malfacine,Bad Boy,Alliance,https://www.bjjheroes.com/?p=283
Bruno,Matias,,Checkmat,https://www.bjjheroes.com/?p=868
Jose Bruno,Matias,,Gracie Barra,https://www.bjjheroes.com/?p=12069
Bruno,Mendes,Tanque or Tank,Soul Fighters,https://www.bjjheroes.com/?p=3117
Caio,Almeida,,Almeida JJ,https://www.bjjheroes.com/?p=7672
Caio,Caetano,,,https://www.bjjheroes.com/?p=9217
Caio,Paganini,,Alliance,https://www.bjjheroes.com/?p=10964
Caio,Terra,,CTBJJA,https://www.bjjheroes.com/?p=582
Caio,Vinicius Santos,,Gracie Barra,https://www.bjjheroes.com/?p=13051
Carina,Santi,,G13,https://www.bjjheroes.com/?p=8624
Carley,Gracie,,,https://www.bjjheroes.com/?p=2160
Carlos,Elias,Caique,,https://www.bjjheroes.com/?p=2460
Carlos,Gracie Senior,,Gracie JJ,https://www.bjjheroes.com/?p=36
Carlos,Gracie Junior,Carlinhos,,https://www.bjjheroes.com/?p=297
Carlos,Henrique,,Brazil 021,https://www.bjjheroes.com/?p=1400
Carlos,Henrique Campos,CH7,Dream Art,https://www.bjjheroes.com/?p=13192
Carlos,Lemos Jr,Escorrega,Gracie Barra,https://www.bjjheroes.com/?p=1594
Carlos,Machado,,Machado JJ,https://www.bjjheroes.com/?p=745
Carlos,Melo,,CTA,https://www.bjjheroes.com/?p=9611
Carlos,Vieira,Portugues,Cia Paulista,https://www.bjjheroes.com/?p=396
Carlos,Vieira Holanda,Esquisito,Checkmat,https://www.bjjheroes.com/?p=963
Catriel,Oliveira,,GF Team,https://www.bjjheroes.com/?p=12346
Carlson,Gracie,,Carlson Gracie,https://www.bjjheroes.com/?p=22
Caroline,Lazzer,,Emirates Team,https://www.bjjheroes.com/?p=1000
Cassia,Moura,,LEAD,https://www.bjjheroes.com/?p=14032
Cassio,Cardoso,,Carlson Gracie,https://www.bjjheroes.com/?p=829
Cassio Felipe,Costa,Laranjinha,Six Blades,https://www.bjjheroes.com/?p=13379
Cassio,Werneck,,,https://www.bjjheroes.com/?p=1223
Catherine,Perret,,Checkmat,https://www.bjjheroes.com/?p=8562
Cleber,Luciano,,,https://www.bjjheroes.com/?p=10596
Cleber,Sousa,Clandestino,Almeida JJ,https://www.bjjheroes.com/?p=7657
Celso,Vinicius,Celsinho,Ryan Gracie,https://www.bjjheroes.com/?p=428
Cesar,Gracie,,Gracie Elite,https://www.bjjheroes.com/?p=929
Cezar,Guimarães,Casquinha,Top Brother,https://www.bjjheroes.com/?p=2512
Chad,Hardy,,Team Shawn Hammonds,https://www.bjjheroes.com/?p=9845
Charles,Negromonte,,Gracie Barra,https://www.bjjheroes.com/?p=7652
Charles,Oliveira,do Bronx,Macaco Gold Team,https://www.bjjheroes.com/?p=877
Charlotte,Von Baumgarten,,Mathias Ribeiro JJ,https://www.bjjheroes.com/?p=9545
Chayse,Diekema,,Frontline / Carlson Gracie,https://www.bjjheroes.com/?p=13655
Chloe,McNally,,Unity JJ,https://www.bjjheroes.com/?p=12708
Christian,Graugart,,,https://www.bjjheroes.com/?p=2402
Christian,Moriarty,Chris,Alliance,https://www.bjjheroes.com/?p=7808
Chris,Tran,Shortround,Team Lloyd Irvin,https://www.bjjheroes.com/?p=13747
Christian,Uflaker,Charopinho,Uflacker Academy,https://www.bjjheroes.com/?p=7821
Cicero,Costha,,PSLPB Cicero Costha,https://www.bjjheroes.com/?p=1155
Claire,North,,,https://www.bjjheroes.com/?p=12663
Clark,Gracie,,Tipping Point BJJ,https://www.bjjheroes.com/?p=1523
Claudia,Doval,,De La Riva JJ,https://www.bjjheroes.com/?p=7928
Claudio,Calasans,Juninho,Atos,https://www.bjjheroes.com/?p=410
Claudio,Franca,,,https://www.bjjheroes.com/?p=2100
Claudio,Joanino,,Nova Uniao,https://www.bjjheroes.com/?p=7749
Claudio,Silva,"Mineiro, Banheira",,https://www.bjjheroes.com/?p=489
Claudio,Mattos,Caloquinha,Gracie Barra,https://www.bjjheroes.com/?p=443
Cleiton,Soares Junior,,Alliance,https://www.bjjheroes.com/?p=8870
Cosmo,Dias,,Nova Uniao,https://www.bjjheroes.com/?p=7976
Cole,Abate,,Art Of Jiu-Jitsu,https://www.bjjheroes.com/?p=12950
Cole,Franson,,Tinguinha JJ,https://www.bjjheroes.com/?p=9150
Cory,Walker,,Team Lloyd Irvin,https://www.bjjheroes.com/?p=12940
Craig,Kukuk,,,https://www.bjjheroes.com/?p=1933
Craig,Jones,,B Team,https://www.bjjheroes.com/?p=8346
Crezio,Chaves,,,https://www.bjjheroes.com/?p=3185
Crezio,de Souza,,Carlson Gracie,https://www.bjjheroes.com/?p=2062
Cristiano,Carioca,,,https://www.bjjheroes.com/?p=1108
Cristiano,Lazzarini,Titi,Gracie Barra,https://www.bjjheroes.com/?p=2956
Cristiano,Marcello,,CM System,https://www.bjjheroes.com/?p=159
Crolin,Gracie,,Gracie Gym,https://www.bjjheroes.com/?p=3384
Cynthia,Omatsu,Cindy,,https://www.bjjheroes.com/?p=5781
Daisuke,Shiraki,"Sugie, Amazon",Carpe Diem,https://www.bjjheroes.com/?p=9152
Damion,Oranday,,Oranday Bros,https://www.bjjheroes.com/?p=12356
Daniel,Amorim Junior,,Double Five,https://www.bjjheroes.com/?p=11949
Daniel,Azevedo,,Cia Paulista,https://www.bjjheroes.com/?p=708
Daniel,Beleza,,SAS,https://www.bjjheroes.com/?p=1019
Daniel,Diniz,,Checkmat,https://www.bjjheroes.com/?p=12419
Daniel,Garcia Dias,,Nova Uniao,https://www.bjjheroes.com/?p=1281
Daniel,Gracie,,Renzo Gracie,https://www.bjjheroes.com/?p=11919
Daniel,Moraes,,Relson Gracie,https://www.bjjheroes.com/?p=453
Daniel,Sathler,,Atos,https://www.bjjheroes.com/?p=12918
Daniel,Otero,,Equipe Fabricio,https://www.bjjheroes.com/?p=994
Daniel,Valverde,,,https://www.bjjheroes.com/?p=1145
Danielle,Alvarez,,LEAD BJJ,https://www.bjjheroes.com/?p=7997
Danilo,Borovic,,,https://www.bjjheroes.com/?p=9325
Danilo,Cherman,,Nova Uniao,https://www.bjjheroes.com/?p=8036
Danilo,Moreira,,PSQGL,https://www.bjjheroes.com/?p=10953
Dante,Leon,,GF Team,https://www.bjjheroes.com/?p=8116
Dave,Camarillo,,,https://www.bjjheroes.com/?p=816
Davi,Cabral,,GF Team,https://www.bjjheroes.com/?p=12275
Davi,Ramos,,Top Brother,https://www.bjjheroes.com/?p=1386
Davi,Vetoraci,,,https://www.bjjheroes.com/?p=14268
David,Avellan,Dave,Freestyle Fighting Academy,https://www.bjjheroes.com/?p=7463
David,Juliano Lemes,,,https://www.bjjheroes.com/?p=1923
David,Garmo,,Assembly Jiu-Jitsu,https://www.bjjheroes.com/?p=9668
David,Jacobs,,David Jacobs JJ,https://www.bjjheroes.com/?p=9037
David,Raab Skaf,,,https://www.bjjheroes.com/?p=9700
David,Onuma,Malandro,,https://www.bjjheroes.com/?p=1650
David,Meyer,,,https://www.bjjheroes.com/?p=11262
David,Terrell,Soul Assassin,,https://www.bjjheroes.com/?p=4965
David,Terao,,50/Fifty,https://www.bjjheroes.com/?p=13360
Darragh,OConnaill,,Ribeiro JJ,https://www.bjjheroes.com/?p=7321
Dean,Lister,The Boogeyman,,https://www.bjjheroes.com/?p=1369
Delson,Heleno,Pe de Chumbo,,https://www.bjjheroes.com/?p=1820
Demian,Maia,,Brasa,https://www.bjjheroes.com/?p=112
Denilson,Pimenta,,GF Team,https://www.bjjheroes.com/?p=244
Dennis,Asche,,Gordo JJ,https://www.bjjheroes.com/?p=1550
Denny,Prokopos,,10th Planet,https://www.bjjheroes.com/?p=1498
Denys,Darzi,,Brazil 021,https://www.bjjheroes.com/?p=778
Deoclecio,Paulo,,,https://www.bjjheroes.com/?p=2439
Devhonte,Johnson,Bones,Unity JJ,https://www.bjjheroes.com/?p=9157
Diana,Teixeira,,,https://www.bjjheroes.com/?p=14038
Diego,Bispo,,Ares JJ,https://www.bjjheroes.com/?p=9864
Diego,Dias Ramalho,Sem Nocao,ZR Team,https://www.bjjheroes.com/?p=7831
Diego,Oliveira,Pato,,https://www.bjjheroes.com/?p=10840
Diego,Sodre,,Clube Feijao / Nova Uniao,https://www.bjjheroes.com/?p=11963
Diego,Vivaldo,Gaviao,Guigo,https://www.bjjheroes.com/?p=8334
Dillon,Danis,,Alliance,https://www.bjjheroes.com/?p=5258
Dima,Murovanni,,,https://www.bjjheroes.com/?p=14099
Diogo,Sampaio Araujo,Moreno,Soul Fighters,https://www.bjjheroes.com/?p=1003
Diogo,Reis,,Escola Melqui Galvão,https://www.bjjheroes.com/?p=11823
DeAlonzio,Jackson,"DJ, Kimura Kid",Lloyd Irvin,https://www.bjjheroes.com/?p=2226
Deandre,Corbe,,Coastal BJJ,https://www.bjjheroes.com/?p=9934
Dominique,Bell,,Atos,https://www.bjjheroes.com/?p=9321
Dominika,Obelenyte,,Alliance,https://www.bjjheroes.com/?p=5229
Donald,Achnick,Donnie,Team Lloyd Irvin,https://www.bjjheroes.com/?p=8128
Dorian,Olivarez,,Team Olivarez,https://www.bjjheroes.com/?p=13729
Doug,Pelinkovic,,Renzo Gracie Academy,https://www.bjjheroes.com/?p=10000
Dustin,Denes,Clean,,https://www.bjjheroes.com/?p=1680
Eddie,Bravo,,10th Planet,https://www.bjjheroes.com/?p=4317
Edson,Diniz,,InFight,https://www.bjjheroes.com/?p=9941
Eduardo,Azevedo,,,https://www.bjjheroes.com/?p=10835
Eduardo,Barboza,,GF Team,https://www.bjjheroes.com/?p=7405
Eduardo,Barros,,,https://www.bjjheroes.com/?p=199
Eduardo,Conceicao,Jamelão,,https://www.bjjheroes.com/?p=1152
Eduardo,Galvao,,Gracie Barra,https://www.bjjheroes.com/?p=9901
Eduardo,Goncalves,,ATT,https://www.bjjheroes.com/?p=3508
Eduardo,Granzotto,Dudu,Checkmat,https://www.bjjheroes.com/?p=13483
Eduardo,Leitao,,Cia Paulista,https://www.bjjheroes.com/?p=4874
Eduardo,Lopes,Duzao,Guigo JJ,https://www.bjjheroes.com/?p=9483
Eduardo,Monteiro,,Gracie Fortaleza,https://www.bjjheroes.com/?p=1520
Eduardo,Roque,,Gordo JJ / R1ng,https://www.bjjheroes.com/?p=12539
Eduardo,Santoro,Portugues,Cia Paulista,https://www.bjjheroes.com/?p=2324
Eduardo,Telles,,Nine Nine,https://www.bjjheroes.com/?p=562
Eduardo,Tinoco,,Almeida JJ,https://www.bjjheroes.com/?p=8602
Eduardo,Ramos,,,https://www.bjjheroes.com/?p=11357
Eduardo,Rios,Teta,Frontline,https://www.bjjheroes.com/?p=9587
Eduardo,Venancio,Brigadeiro,Brigadeiro Jiu Jitsu,https://www.bjjheroes.com/?p=3371
Edward,Cummings,"Eddie, Wolverine",Renzo Gracie Academy,https://www.bjjheroes.com/?p=7442
Edwin,Najmi,,Gracie Barra,https://www.bjjheroes.com/?p=5238
Edwin,Junny,Ocasio,Unity,https://www.bjjheroes.com/?p=10380
Eldar,Rafigaev,,Jungle BJJ,https://www.bjjheroes.com/?p=10318
Elder,Cruz,El Monstro,Checkmat,https://www.bjjheroes.com/?p=12922
Eleftheria,Christodoulou,,ZR Team,https://www.bjjheroes.com/?p=13095
Elena,Carauni,,,https://www.bjjheroes.com/?p=13419
Eloisa,Souto,Elo,Kimura/Nova União,https://www.bjjheroes.com/?p=7606
Elijah,Dorsey,,Team Lloyd Irvin,https://www.bjjheroes.com/?p=12897
Elina,Moestam,,Checkmat,https://www.bjjheroes.com/?p=11182
Eliot,Marshall,,Easton Training Centre,https://www.bjjheroes.com/?p=7639
Elisabeth,Clay,,Ares JJ,https://www.bjjheroes.com/?p=11762
Elizabeth,Mitrovic,,,https://www.bjjheroes.com/?p=13968
Elvira,Karppinen,,10th Planet,https://www.bjjheroes.com/?p=10290
Emilio,Hernandez,,Zenith BJJ,https://www.bjjheroes.com/?p=11093
Emilly,Alves Vasconcelos,,Atos,https://www.bjjheroes.com/?p=11669
Emilly,Fernandez,,LEAD,https://www.bjjheroes.com/?p=13170
Enderson,Dias,,,https://www.bjjheroes.com/?p=12680
Endres,Barbosa Mendes,,Checkmat,https://www.bjjheroes.com/?p=9465
Eoghan,OFlanagan,,,https://www.bjjheroes.com/?p=14219
Eric,Phan,,,https://www.bjjheroes.com/?p=10623
Erich,Munis,,,https://www.bjjheroes.com/?p=11693
Ericka,Almeida,,Gracie Barra,https://www.bjjheroes.com/?p=9868
Ericka,Machado,,,https://www.bjjheroes.com/?p=14247
Erik,Wanderley,,Gracie Barra,https://www.bjjheroes.com/?p=1229
Erin,Harpe,,Gracie Jiu-Jitsu,https://www.bjjheroes.com/?p=12293
Erin,Herle,,Alliance,https://www.bjjheroes.com/?p=8605
Espen,Mathiesen,,Kimura Nova Uniao,https://www.bjjheroes.com/?p=8215
Estevan,Martinez,,ZR Team,https://www.bjjheroes.com/?p=12120
Ethan,Crelinsten,,B Team,https://www.bjjheroes.com/?p=11223
Everton,Santana,,,https://www.bjjheroes.com/?p=1367
Everton,Souza Teixeira,,,https://www.bjjheroes.com/?p=14025
Fabiana,Borges,,Gracie Barra,https://www.bjjheroes.com/?p=970
Fabiano,Silva,,American Top Team,https://www.bjjheroes.com/?p=1713
Fabbio,Passos,,Alliance,https://www.bjjheroes.com/?p=9725
Fabio,Alano,Kamikaze,Alliance,https://www.bjjheroes.com/?p=10252
Fabio,Andrade,,GF Team,https://www.bjjheroes.com/?p=1665
Fabio,Andrade,,Nova Uniao,https://www.bjjheroes.com/?p=3402
Fabio,Caloi,,Alliance,https://www.bjjheroes.com/?p=4115
Fabio,Clemente,,Alliance,https://www.bjjheroes.com/?p=2266
Fabio,Gurgel,General,Alliance,https://www.bjjheroes.com/?p=322
Fabio,Leopoldo,,Gracie Morumbi,https://www.bjjheroes.com/?p=658
Fabio,Prado,Pateta,FP JJ,https://www.bjjheroes.com/?p=1303
Fabio,Santos,,,https://www.bjjheroes.com/?p=2068
Fabricio,Andrey,,Escola Melqui Galvão,https://www.bjjheroes.com/?p=11497
Fabricio,Barbarotti,,PSLPB,https://www.bjjheroes.com/?p=12629
Fabricio,Camoes,Morango,Gracie Humaita,https://www.bjjheroes.com/?p=7878
Fabricio,Martins,,Equipe Fabricio,https://www.bjjheroes.com/?p=1886
Fabricio,Medici,,Kioto,https://www.bjjheroes.com/?p=9370
Fabricio,Moreira,,Qatar JJ,https://www.bjjheroes.com/?p=9127
Fabyury,Khrysthyan,,GF Team,https://www.bjjheroes.com/?p=13785
Fabricio,Werdum,Vai Cavalo,Winner-Behring,https://www.bjjheroes.com/?p=573
Faris,Ben-Lemkadem,,,https://www.bjjheroes.com/?p=14155
Faustino,Neto,Pina,Clube Pina de Jiu Jitsu,https://www.bjjheroes.com/?p=7675
Ffion,Davies,,ECJJ,https://www.bjjheroes.com/?p=9404
Federico,Tisi,,,https://www.bjjheroes.com/?p=2056
Felipe,Bezerra,,Checkmat,https://www.bjjheroes.com/?p=7537
Felipe,Cavalcante,,,https://www.bjjheroes.com/?p=1268
Felipe,Cesar,Felipinho,Barbosa JJ,https://www.bjjheroes.com/?p=4542
Felipe,Costa,,Brasa,https://www.bjjheroes.com/?p=465
Felipe,Pena,Preguiça,Gracie Barra,https://www.bjjheroes.com/?p=2416
Felipe,Linhares,Felipinho,Alliance,https://www.bjjheroes.com/?p=9309
Felipe,Neto,Zicro,Alliance,https://www.bjjheroes.com/?p=5067
Felipe,Mota,Gargamel,Roger Gracie Academy,https://www.bjjheroes.com/?p=6209
Felipe,Silva,Bocao,Infight,https://www.bjjheroes.com/?p=6029
Fellipe,Andrew,,,https://www.bjjheroes.com/?p=8514
Fellipe,Trovo,,Gracie Barra/ Ushirobira JJ,https://www.bjjheroes.com/?p=8686
Frank,Cespedes,,Alliance,https://www.bjjheroes.com/?p=12848
Frank,Rosenthal,,Renzo Gracie Academy,https://www.bjjheroes.com/?p=9760
Fernando Augusto,Silva,Terere,Alliance,https://www.bjjheroes.com/?p=437
Fernando,Di Piero,Soluço,Alliance,https://www.bjjheroes.com/?p=1403
Fernando,Marques,Boi,Carlson Gracie,https://www.bjjheroes.com/?p=690
Fernando,Guimaraes,Pinduka,Nova Uniao,https://www.bjjheroes.com/?p=1855
Fernando,Paradeda,,,https://www.bjjheroes.com/?p=1411
Fernando,Pontes,Margarida,,https://www.bjjheroes.com/?p=1916
Fernando,Vieira,,,https://www.bjjheroes.com/?p=86
Fernando,Aleluia,,Brazil 021,https://www.bjjheroes.com/?p=2304
Fernanda,Cristo,,Evox,https://www.bjjheroes.com/?p=12719
Firas,Zahabi,,TriStar Gym,https://www.bjjheroes.com/?p=9859
Flavio,Almeida,Cachorrinho,Gracie Barra,https://www.bjjheroes.com/?p=1044
Flavio,Behring,,,https://www.bjjheroes.com/?p=1495
Flavio,Junqueira,,Alliance,https://www.bjjheroes.com/?p=11456
Flavio,Vianna,,,https://www.bjjheroes.com/?p=11039
Florian,Bayili,,,https://www.bjjheroes.com/?p=13842
Francisco,Cuneo,,,https://www.bjjheroes.com/?p=12372
Francisco,Albuquerque,Toco,Nova Geracao,https://www.bjjheroes.com/?p=714
Francisco,Lo,,PSLPB Cicero Costha,https://www.bjjheroes.com/?p=13076
Francisco,Mansur,,Kioto,https://www.bjjheroes.com/?p=2040
Francisco,Mendes,Chico,Checkmat,https://www.bjjheroes.com/?p=1081
Francisco,Sa,,SAS,https://www.bjjheroes.com/?p=2091
Franco,Diaz,,Unity,https://www.bjjheroes.com/?p=14207
Fredson,Paixao,,,https://www.bjjheroes.com/?p=819
Gabriel,Almeida,Tod,Checkmat,https://www.bjjheroes.com/?p=9250
Gabriel,Arges,Frodo,Gracie Barra,https://www.bjjheroes.com/?p=6071
Gabriel,Brod,,,https://www.bjjheroes.com/?p=13670
Gabriel,Costa,Maranhao,Guigo JJ,https://www.bjjheroes.com/?p=11766
Gabriel,Figueiro,,,https://www.bjjheroes.com/?p=10232
Gabriel,Gaudio,,GF Team,https://www.bjjheroes.com/?p=12487
Gabriel,Gonzaga,Napao,,https://www.bjjheroes.com/?p=10430
Gabriel,Goulart,,Alliance,https://www.bjjheroes.com/?p=1017
Gabriel,Henrique Oliveira,,Alliance,https://www.bjjheroes.com/?p=10817
Gabriel,Lucas,Fedor,Checkmat,https://www.bjjheroes.com/?p=8560
Gabriel,Kitober,,,https://www.bjjheroes.com/?p=9746
Gabriel,Marangoni,,Academia Marangoni,https://www.bjjheroes.com/?p=7698
Gabriel,Marinho,,GF Team,https://www.bjjheroes.com/?p=11917
Gabriel,Moraes,,,https://www.bjjheroes.com/?p=2401
Gabriel,de Oliveira Haddad,Biel,,https://www.bjjheroes.com/?p=13021
Gabriel,Rollo,Palito,Checkmat,https://www.bjjheroes.com/?p=5061
Gabriel,Vella,,,https://www.bjjheroes.com/?p=607
Gabriel,Rainho,Biel,GF Team,https://www.bjjheroes.com/?p=1563
Gabriel,Ribeiro,,Brazil 021,https://www.bjjheroes.com/?p=1586
Gabriel,Sousa,,ZR Team,https://www.bjjheroes.com/?p=9051
Gabriel,Volante,,XCoach,https://www.bjjheroes.com/?p=13392
Gabriel,Willcox,,,https://www.bjjheroes.com/?p=10091
Gabrieli,Pessanha,,InFight,https://www.bjjheroes.com/?p=10153
Gabrieli,Procopio,,BTT,https://www.bjjheroes.com/?p=11257
Gabriela,Pereira,,Vision,https://www.bjjheroes.com/?p=12753
Gabriela,Fechter,,Checkmat,https://www.bjjheroes.com/?p=9241
Gabrielle,Garcia,Gabi,Alliance,https://www.bjjheroes.com/?p=595
Gabrielle,McComb,Gabi,Gracie Humaita,https://www.bjjheroes.com/?p=8991
Garth,Taylor,,,https://www.bjjheroes.com/?p=1696
Gary,Tonon,,Renzo Gracie Academy,https://www.bjjheroes.com/?p=5649
Gastao,Gracie,,Gracie JJ,https://www.bjjheroes.com/?p=1408
Geny,Rebelo,,Academia Serrana,https://www.bjjheroes.com/?p=8583
Gerard,Labinski,,,https://www.bjjheroes.com/?p=8532
George,Gracie,Gato Ruivo,Gracie JJ,https://www.bjjheroes.com/?p=528
Geraldo,Flores,,,https://www.bjjheroes.com/?p=3380
Gerardi,Rinaldi,Jerry,Renzo Gracie,https://www.bjjheroes.com/?p=1329
Gezary,Matuda,,American Top Team,https://www.bjjheroes.com/?p=3479
Giancarlo,Bodoni,,Alliance,https://www.bjjheroes.com/?p=11797
Gianni,Grippo,,Alliance,https://www.bjjheroes.com/?p=4248
Gilbert,Burns,Durinho,Atos,https://www.bjjheroes.com/?p=446
Gilson,Nunes,Nenem,Checkmat,https://www.bjjheroes.com/?p=7872
Giovanna,Carneiro,,,https://www.bjjheroes.com/?p=13945
Giovanna,Jara,,,https://www.bjjheroes.com/?p=13016
Giulia,Gregorut,,,https://www.bjjheroes.com/?p=13167
Gordon,Ryan,,New Wave,https://www.bjjheroes.com/?p=6550
Grace,Gundrum,,10th Planet,https://www.bjjheroes.com/?p=11783
Greg,Souders,,Standard JJ,https://www.bjjheroes.com/?p=13493
Gregor,Gracie,,Renzo Gracie,https://www.bjjheroes.com/?p=1322
Guilherme,Bacha,,Checkmat,https://www.bjjheroes.com/?p=12563
Guilherme,Cascon,,Brazil 021,https://www.bjjheroes.com/?p=1733
Guilherme,Cordiviola,,GF Team,https://www.bjjheroes.com/?p=9361
Guilherme,Fernandes,,Dream Art,https://www.bjjheroes.com/?p=13575
Guilherme,Mendes,,AOJ,https://www.bjjheroes.com/?p=415
Guilherme,Rocha,,ZR Team,https://www.bjjheroes.com/?p=9635
Gunnar,Nelson,,,https://www.bjjheroes.com/?p=1388
Gutemberg,Pereira,,GF Team,https://www.bjjheroes.com/?p=8195
Guthierry,Barbosa,,PRM Team / Carlson Gracie Academy,https://www.bjjheroes.com/?p=10199
Gustavo,Campos,Guto,Atos,https://www.bjjheroes.com/?p=108
Gustavo,Dantas,,Nova Uniao,https://www.bjjheroes.com/?p=620
Gustavo,Maron,,Dream Art,https://www.bjjheroes.com/?p=11543
Gustavo,Machado,,,https://www.bjjheroes.com/?p=10932
Gustavo,Batista,Braguinha,Atos,https://www.bjjheroes.com/?p=8357
Gustavo,Dias Elias,,Gracie Humaita,https://www.bjjheroes.com/?p=4177
Gustavo,Pires,Siri,Gracie Barra,https://www.bjjheroes.com/?p=5726
Guybson,Sa,,SAS Team,https://www.bjjheroes.com/?p=9338
Gyalisson,Freitas,Hiago,GF Team,https://www.bjjheroes.com/?p=12338
Heath,Pedigo,,Pedigo Submission Fighting,https://www.bjjheroes.com/?p=11359
Heather,Raftery,,Atos,https://www.bjjheroes.com/?p=10926
Hanette,Staack,,Brazil 021,https://www.bjjheroes.com/?p=258
Harryson,Pereira,,Ataque Duplo,https://www.bjjheroes.com/?p=11215
Helder,Junior,Tropeco,Fratres,https://www.bjjheroes.com/?p=13496
Helder,Medeiros,SpongeBob,,https://www.bjjheroes.com/?p=11228
Helena,Crevar,,New Wave,https://www.bjjheroes.com/?p=14004
Helio,Gracie,,Gracie JJ,https://www.bjjheroes.com/?p=44
Helio,Moreira,Soneca,,https://www.bjjheroes.com/?p=655
Helio,Vigio,,Gracie Humaita,https://www.bjjheroes.com/?p=3129
Helton,Jose Junior,,PSLPB Cícero Costha,https://www.bjjheroes.com/?p=7704
Helvecio,Penna,,De La Riva,https://www.bjjheroes.com/?p=671
Henrique,Cardoso,,Ceconi JJ,https://www.bjjheroes.com/?p=9554
Henrique,Machado,,ASLE,https://www.bjjheroes.com/?p=371
Hiago,Gama,,Alliance,https://www.bjjheroes.com/?p=8038
Higor,Lima,,Kahwage Fight Team,https://www.bjjheroes.com/?p=12241
Hillary,Williams,Gringa,WSMMA,https://www.bjjheroes.com/?p=184
Hiryu,Niwa,,AOJ,https://www.bjjheroes.com/?p=13326
Horlando,Monteiro,,Kimura/Nova União,https://www.bjjheroes.com/?p=7399
Huanderson,Pavao,,GF Team,https://www.bjjheroes.com/?p=973
Hugo,Marques,,Soul Fighters,https://www.bjjheroes.com/?p=8138
Humberto,Silveira,,Shiozawa,https://www.bjjheroes.com/?p=1174
Hunter,Ewald,,,https://www.bjjheroes.com/?p=7332
Hygor,Brito,,PSLPB,https://www.bjjheroes.com/?p=9117
Ian,Behring,,,https://www.bjjheroes.com/?p=3279
Ian,Mcpherson,,Alliance,https://www.bjjheroes.com/?p=1750
Ian,Sanders,,RFBJJ,https://www.bjjheroes.com/?p=9488
Ida,Hansson,,Checkmat,https://www.bjjheroes.com/?p=1655
Iasmin,Casser,,AOJ,https://www.bjjheroes.com/?p=12554
Ighor,Horta,,,https://www.bjjheroes.com/?p=13962
Igor,Feliz,,Future School Of Jiu-Jitsu,https://www.bjjheroes.com/?p=12225
Igor,Rodrigues,Baixinho,Checkmat,https://www.bjjheroes.com/?p=2013
Igor,Silva,,GF Team,https://www.bjjheroes.com/?p=680
Igor,Paiva,,Soul Fighters,https://www.bjjheroes.com/?p=8477
Igor,Schneider,Tigrao,New School Brotherhood,https://www.bjjheroes.com/?p=6631
Igor,Tanabe,,Igloo BJJ,https://www.bjjheroes.com/?p=11145
Igor,Verissimo,,,https://www.bjjheroes.com/?p=8647
Inacio,Neto,,Gracie Barra,https://www.bjjheroes.com/?p=7743
Inacio,Santos,,,https://www.bjjheroes.com/?p=13853
Ingridd,Alves,,,https://www.bjjheroes.com/?p=11929
Israel,Sousa,,GF Team,https://www.bjjheroes.com/?p=10408
Italo,Lins,,GF Team,https://www.bjjheroes.com/?p=1542
Italo,Lima Costa,,Ares,https://www.bjjheroes.com/?p=13660
Italo,Moura,,Unity - PSLPB,https://www.bjjheroes.com/?p=10295
Itallo,Vilardo,,,https://www.bjjheroes.com/?p=6379
Isaque,Bahiense,,Dream Art,https://www.bjjheroes.com/?p=7552
Iseong,Jang,,Wire JJ,https://www.bjjheroes.com/?p=9606
Ismael,Santos,,GF Team,https://www.bjjheroes.com/?p=12633
Ivan,Gomes,,,https://www.bjjheroes.com/?p=2335
Ivaniel,Oliveira,,Atos,https://www.bjjheroes.com/?p=1874
Jackson,Douglas,,Checkmat,https://www.bjjheroes.com/?p=11939
Jackson,Sousa,Jack,Checkmat,https://www.bjjheroes.com/?p=3200
Jackson,Nagai,,Checkmat,https://www.bjjheroes.com/?p=11208
Jacob,Couch,,,https://www.bjjheroes.com/?p=13162
Jaqueline,Amorim,,Checkmat,https://www.bjjheroes.com/?p=8168
Jaine,Fragoso,,,https://www.bjjheroes.com/?p=14017
Jair,Lourenco,,Nova Uniao- Kimura,https://www.bjjheroes.com/?p=1813
Jake,Ferrara,,GF Team,https://www.bjjheroes.com/?p=8756
Jake,Mackenzie,,,https://www.bjjheroes.com/?p=1014
Jake,Watson,,Maracaba BJJ,https://www.bjjheroes.com/?p=10240
Jakub,Zajkowski,,,https://www.bjjheroes.com/?p=10986
James,Brasco,,BJJ Center,https://www.bjjheroes.com/?p=1526
James,Harbison,Jah,Lloyd Irvin,https://www.bjjheroes.com/?p=1768
James,Puopolo,,Gracie Humaita,https://www.bjjheroes.com/?p=1827
Janni,Larsson,,Checkmat,https://www.bjjheroes.com/?p=4107
Janaina,Lebre,,Gracie Humaita,https://www.bjjheroes.com/?p=13064
Jansen,Gomes,Nenego,Checkmat,https://www.bjjheroes.com/?p=12506
Jasmine,Rocha,,Vagner Rocha MA,https://www.bjjheroes.com/?p=13132
Jason,Rau,,Team Serra,https://www.bjjheroes.com/?p=10759
Javier,Vazquez,Showtime,,https://www.bjjheroes.com/?p=4706
Javier,Barter,,F Moya JJ,https://www.bjjheroes.com/?p=13624
Javier,Zaruski,,Atos,https://www.bjjheroes.com/?p=13680
Jacob,Rodriguez,Jay,B Team,https://www.bjjheroes.com/?p=13926
Jeferson,Fagundes,,,https://www.bjjheroes.com/?p=13996
Jeferson,Guaresi,,Unity JJ,https://www.bjjheroes.com/?p=10506
Jefferson,Goteu,,,https://www.bjjheroes.com/?p=13955
Jefferson,Moura,,Gracie Barra,https://www.bjjheroes.com/?p=1214
Jake,Shields,,Gracie Elite,https://www.bjjheroes.com/?p=1031
Jean Jacques,Machado,,Machado JJ,https://www.bjjheroes.com/?p=88
Jean,Kleber,,Kimura,https://www.bjjheroes.com/?p=235
Jeff,Glover,Pipelayer,Paragon,https://www.bjjheroes.com/?p=610
Jeff,Joslin,,,https://www.bjjheroes.com/?p=364
Jena,Bishop,,Gracie Humaita,https://www.bjjheroes.com/?p=8223
Jeremy,Arel,Gerbil,,https://www.bjjheroes.com/?p=1423
Jeremy,Jackson,,CTA,https://www.bjjheroes.com/?p=9440
Jeremy,Skinner,,Absolute MMA,https://www.bjjheroes.com/?p=12259
Jessa,Khan,,AOJ,https://www.bjjheroes.com/?p=11690
Jesse,Urholin,,Alliance,https://www.bjjheroes.com/?p=7608
Jessica,Caroline,,PAX JJ,https://www.bjjheroes.com/?p=11314
Jessica Cristina,Santos,,Elite BJJ,https://www.bjjheroes.com/?p=9202
Jessica,Flowers,Oliveira,Gracie Barra,https://www.bjjheroes.com/?p=7817
Jessica,Swanson,,Soul Fighters,https://www.bjjheroes.com/?p=9096
Jhenifer,Aquino,,Atos,https://www.bjjheroes.com/?p=12551
Joao,Assis,,Checkmat,https://www.bjjheroes.com/?p=644
Joao,Assonitis,,,https://www.bjjheroes.com/?p=14255
Joao,Cizeski,,FP Team,https://www.bjjheroes.com/?p=11960
Joao,Costa,,Fight Sports,https://www.bjjheroes.com/?p=12178
Joao,Faria,Johnny,Gracie Humaita,https://www.bjjheroes.com/?p=1500
Joao,Mendes,Bisnaga,Atos,https://www.bjjheroes.com/?p=9074
Joao,Miyao,,PSLPB,https://www.bjjheroes.com/?p=2997
Joao,Nicolite Rocha,,,https://www.bjjheroes.com/?p=14010
Joao Gabriel,Galvao,,Fratres,https://www.bjjheroes.com/?p=14078
Joao Gabriel,Rocha,,Double Five,https://www.bjjheroes.com/?p=2403
Joao Paulo,Neto,,Alliance,https://www.bjjheroes.com/?p=8351
Joao Pedro,Menezes,Mano Brown,,https://www.bjjheroes.com/?p=14178
Joao,Roque,,Nova Uniao,https://www.bjjheroes.com/?p=952
Joao,Zeferino,,Gracie Floripa,https://www.bjjheroes.com/?p=521
Joao Alberto,Barreto,,,https://www.bjjheroes.com/?p=1719
Joao Paulo,Oliveira,Jones,Strauch Jiu Jitsu,https://www.bjjheroes.com/?p=3366
Joe,Baize,,Ocean County BJJ,https://www.bjjheroes.com/?p=11114
Joe,Moreira,,,https://www.bjjheroes.com/?p=566
Joel,Gingery,,Memphis Judo + BJJ,https://www.bjjheroes.com/?p=8369
Joel,Tudor,,,https://www.bjjheroes.com/?p=11894
Jorge,Britto,,Jiu-Jitsu For Life Team,https://www.bjjheroes.com/?p=8938
Jorge,Patino,Macaco,Macaco Gold Team,https://www.bjjheroes.com/?p=720
John,Danaher,,New Wave,https://www.bjjheroes.com/?p=623
John,Combs,,Easton Training Centre,https://www.bjjheroes.com/?p=6836
John,Crouch,,MMA Lab,https://www.bjjheroes.com/?p=3286
John,Kavanagh,,SBG,https://www.bjjheroes.com/?p=11195
John,Frankl,,Straight Blast Gym,https://www.bjjheroes.com/?p=1569
John,Lewis,,Nova Uniao,https://www.bjjheroes.com/?p=3220
John,Salter,,Salty Dog JJ,https://www.bjjheroes.com/?p=10531
John,Will,,,https://www.bjjheroes.com/?p=705
Johnif,Rocha,,Cicero Costha,https://www.bjjheroes.com/?p=12095
Johnny,Tama,,Studio 76,https://www.bjjheroes.com/?p=7664
Jon,Blank,,10th Planet,https://www.bjjheroes.com/?p=10588
Jonata,Gomes,Be,Checkmat,https://www.bjjheroes.com/?p=11248
Jonatha,Alves,,Atos,https://www.bjjheroes.com/?p=10085
Jonathan,Calestine,Jon,Renzo Gracie Academy,https://www.bjjheroes.com/?p=8767
Jonathan,Thomas,,Valhalla BJJ,https://www.bjjheroes.com/?p=9367
Jonatas,Gurgel,Tagarela,American Top Team,https://www.bjjheroes.com/?p=975
Jonas,Andrade,,PSLPB,https://www.bjjheroes.com/?p=10293
Jonatas,Novaes,,Channel Islands JJ,https://www.bjjheroes.com/?p=11084
Jonnatas,Gracie,,Atos,https://www.bjjheroes.com/?p=10103
Jordan,Vaisman,,Art Of Jiu-Jitsu,https://www.bjjheroes.com/?p=12247
Jose,Aldo,Juninho,Nova Uniao,https://www.bjjheroes.com/?p=754
Jose,Carlos Granja,,Kimura /Nova Uniao,https://www.bjjheroes.com/?p=7693
Jose,Carlos Sousa,,GF Team,https://www.bjjheroes.com/?p=7931
Jose,Leao Teixeira,Ze Beleza,Escola de Jiu Jitsu,https://www.bjjheroes.com/?p=2241
Jose,Jurema,,Checkmat,https://www.bjjheroes.com/?p=14148
Jose,Junior,,,https://www.bjjheroes.com/?p=1548
Jose,Marcello,Ze,Icon JJ,https://www.bjjheroes.com/?p=12401
Jose Mario,Queiroga,Esfiha,,https://www.bjjheroes.com/?p=3357
Jose Mario,Sperry,"Ze, Zen Machine, Ze Maquina",Brazilian Top Team,https://www.bjjheroes.com/?p=232
Jose,Olimpio,Ze Radiola,Gracie Barra,https://www.bjjheroes.com/?p=1633
Josef,Manuel,Ze Cobra,Nova Uniao,https://www.bjjheroes.com/?p=650
Jozef,Chen,,B Team,https://www.bjjheroes.com/?p=13763
Joseph,Dierkhising,Joe,,https://www.bjjheroes.com/?p=12378
Josh,Griffiths,,Clockwork JJ,https://www.bjjheroes.com/?p=2095
Josh,Hinger,,Atos,https://www.bjjheroes.com/?p=7096
Joshua,Cisneros,,Cleber JJ / Elite Team,https://www.bjjheroes.com/?p=11568
Juan Caio,Kamezawa,,Alliance,https://www.bjjheroes.com/?p=3313
Juan Miguel,Iturralde,,Alliance,https://www.bjjheroes.com/?p=8555
Juan,Lopes da Silva,,Prime Team,https://www.bjjheroes.com/?p=7757
Julian,Espinosa,,Renzo Gracie Academy,https://www.bjjheroes.com/?p=13775
Julio,dos Anjos Junior,,,https://www.bjjheroes.com/?p=7006
Julio,Cesar,,GF Team,https://www.bjjheroes.com/?p=203
Julio,Fernandez,Foca,BJJ Revolution,https://www.bjjheroes.com/?p=4507
Julius,Park,,Crazy 88,https://www.bjjheroes.com/?p=4411
Julia,Alves,,GF Team,https://www.bjjheroes.com/?p=12785
Julia,Boscher,,,https://www.bjjheroes.com/?p=10370
Julia,Maele,,OXY Gym,https://www.bjjheroes.com/?p=14094
Juliana,Borges,,,https://www.bjjheroes.com/?p=11401
Jurandir,Conceicao,,G13,https://www.bjjheroes.com/?p=9711
Jurandir,Moura,,,https://www.bjjheroes.com/?p=1377
Justin,Ordinario,,,https://www.bjjheroes.com/?p=13801
Justin,Rader,,,https://www.bjjheroes.com/?p=1398
JW,Wright,,Gracie Humaita,https://www.bjjheroes.com/?p=9114
Jonathan,Torres,JT,Atos,https://www.bjjheroes.com/?p=967
Kacie,Tan,,Fortitude BJJ,https://www.bjjheroes.com/?p=13028
Kaua,Gabriel,,Escola Melqui Galvao,https://www.bjjheroes.com/?p=13834
Kauan,Barboza,,Checkmat,https://www.bjjheroes.com/?p=11465
Keenan,Cornelius,,Atos,https://www.bjjheroes.com/?p=3009
Keith,Krikorian,,10th Planet,https://www.bjjheroes.com/?p=12491
Keith,McKenzie,,Checkmat,https://www.bjjheroes.com/?p=1068
Gerry,Costa,Kid Pelligro,,https://www.bjjheroes.com/?p=2504
Kade,Ruotolo,,Atos,https://www.bjjheroes.com/?p=12005
Kaiser,Girao,,Checkmat,https://www.bjjheroes.com/?p=11725
Karel,Pravec,Silver Fox,Renzo Gracie Academy,https://www.bjjheroes.com/?p=8173
Kauane,Silva,,Fight Sports,https://www.bjjheroes.com/?p=13473
Kaynan,Duarte,,Atos,https://www.bjjheroes.com/?p=8974
Kendall,Reusing,,Gracie Barra,https://www.bjjheroes.com/?p=10885
Kennedy,Franklin,,Inicio JJ,https://www.bjjheroes.com/?p=14239
Kennedy,Maciel,Cobrinha Junior,Alliance,https://www.bjjheroes.com/?p=9031
Kenta,Iwamoto,,,https://www.bjjheroes.com/?p=13678
Keven,Carrasco,,Ares,https://www.bjjheroes.com/?p=11889
Kevin,Gabriel Alencar,,Dream Art,https://www.bjjheroes.com/?p=13507
Kevin,Mahecha,,ATT,https://www.bjjheroes.com/?p=6368
Khaled,Alshehi,,,https://www.bjjheroes.com/?p=13515
Kieran,Kichuk,,Team Lloyd Irvin,https://www.bjjheroes.com/?p=12115
Kit,Dale,,,https://www.bjjheroes.com/?p=9758
Kira,Sung,,Seorae JJ,https://www.bjjheroes.com/?p=12010
Kjetil,Lydvo,,Frontline,https://www.bjjheroes.com/?p=13241
Kody,Steele,,Checkmat,https://www.bjjheroes.com/?p=11049
Koji,Shibamoto,,Tri Force,https://www.bjjheroes.com/?p=1919
Kyra,Gracie,,,https://www.bjjheroes.com/?p=674
Kristen,Martin,,Brazil 021,https://www.bjjheroes.com/?p=8981
Kristin,Mikkelson,,Brazil 021,https://www.bjjheroes.com/?p=8893
Kron,Gracie,,,https://www.bjjheroes.com/?p=788
Kristof,Szucs,,Gracie Barra,https://www.bjjheroes.com/?p=12842
Kayron,Gracie,,Gracie Barra,https://www.bjjheroes.com/?p=901
Kurt,Osiander,,Ralph Gracie,https://www.bjjheroes.com/?p=2475
Kyle,Boehm,,10th Planet,https://www.bjjheroes.com/?p=10705
Kleber,Oliveira,Buiu,Gracie Barra,https://www.bjjheroes.com/?p=8399
Lachlan,Giles,,Absolute MMA,https://www.bjjheroes.com/?p=8682
Larissa,Campos,,Gracie Humaita,https://www.bjjheroes.com/?p=9477
Larissa,Dias,,,https://www.bjjheroes.com/?p=12508
Larissa,Paes,,Gordo JJ,https://www.bjjheroes.com/?p=9938
Laercio,Fernandes,,Team Oyama,https://www.bjjheroes.com/?p=1041
Laura,Barker,,Gracie Barra,https://www.bjjheroes.com/?p=11071
Laurence,Cousin Fouillat,,,https://www.bjjheroes.com/?p=1840
Leandro,Escobar,Tatu,,https://www.bjjheroes.com/?p=3028
Leandro,Lima,Rounaud,Fratres,https://www.bjjheroes.com/?p=13458
Leandro,Lo,,NS Brotherhood,https://www.bjjheroes.com/?p=1188
Leandro,Lora,,Brazil 021,https://www.bjjheroes.com/?p=1730
Leandro,Martins,Leu,Checkmat,https://www.bjjheroes.com/?p=1799
Leandro,Nyza,,Nova Uniao,https://www.bjjheroes.com/?p=1662
Leon,Brito,,BTT,https://www.bjjheroes.com/?p=12243
Leon,Larman,,CTA,https://www.bjjheroes.com/?p=11132
Leon,Mendonca,Geladeira,Clube Feijão,https://www.bjjheroes.com/?p=14200
Levi,Jones-Leary,"Xanadu, Levizao",Unity JJ,https://www.bjjheroes.com/?p=9014
Livia,Gluchowska,,Maromba,https://www.bjjheroes.com/?p=7981
Livio,Ribeiro,Galinho,Ares JJ,https://www.bjjheroes.com/?p=9044
Luca,Anacoreta,,Aeterna Jiu Jitsu,https://www.bjjheroes.com/?p=7082
Laurah,Hallock,,GF Team,https://www.bjjheroes.com/?p=10780
Laura,Sieradzan,,Checkmat,https://www.bjjheroes.com/?p=14256
Leonardo,Arruda,,Guigo JJ,https://www.bjjheroes.com/?p=1624
Leonardo,Castello Branco,,Brasa,https://www.bjjheroes.com/?p=935
Leonardo,Davila,,Atos,https://www.bjjheroes.com/?p=3443
Leonardo,Ferreira,,Alliance,https://www.bjjheroes.com/?p=14080
Leonardo,Lara,,Almeida JJ /Atos,https://www.bjjheroes.com/?p=9067
Leonardo,Leite,,Alliance,https://www.bjjheroes.com/?p=886
Leonardo,Nogueira,,Alliance,https://www.bjjheroes.com/?p=1272
Leonardo,Mario,,PSLPB Cicero Costha,https://www.bjjheroes.com/?p=13062
Leonardo,Pecanha,,,https://www.bjjheroes.com/?p=10339
Leonardo,Saggioro,Cascao,BTT,https://www.bjjheroes.com/?p=8231
Leonardo,Santos,,Nova Uniao,https://www.bjjheroes.com/?p=292
Leonardo,Silva,,GF Team,https://www.bjjheroes.com/?p=10352
Leonardo,Souza Oliveira,Leleu,We Flow,https://www.bjjheroes.com/?p=14167
Leonardo,Vieira,Leozinho,Checkmat,https://www.bjjheroes.com/?p=419
Leticia,Ribeiro,,Gracie Humaita,https://www.bjjheroes.com/?p=903
Lloyd,Irvin,,Lloyd Irvin,https://www.bjjheroes.com/?p=1307
Luana,Alzuguir,,Alliance,https://www.bjjheroes.com/?p=512
Luan,Andrei,,R1ng,https://www.bjjheroes.com/?p=12323
Luan,Azevedo,,PSLPB,https://www.bjjheroes.com/?p=10741
Luan,Carvalho,,Nova Uniao,https://www.bjjheroes.com/?p=5078
Louie,Cercedez,,Ronin BJJ,https://www.bjjheroes.com/?p=1419
Lucas,Alves,,Alliance,https://www.bjjheroes.com/?p=10669
Lucas,Castro,Lukinha,Gracie Barra,https://www.bjjheroes.com/?p=14263
Lucas,Gualberto,Simba,Dream Art,https://www.bjjheroes.com/?p=11658
Lucas,Lepri,,Alliance,https://www.bjjheroes.com/?p=358
Luccas,Lira,,,https://www.bjjheroes.com/?p=13432
Lucas,Leite,,Checkmat,https://www.bjjheroes.com/?p=875
Lucas,Lisboa,,Fight Sports,https://www.bjjheroes.com/?p=13031
Lucas,Rocha,,ZR Team,https://www.bjjheroes.com/?p=5660
Lucas,Daniel Barbosa,Hulk,Atos,https://www.bjjheroes.com/?p=5655
Lucas,Montalvao,,,https://www.bjjheroes.com/?p=14150
Lucas,Pinheiro,Bad Boy,Checkmat,https://www.bjjheroes.com/?p=6043
Lucas,Protasio,,Checkmat,https://www.bjjheroes.com/?p=12348
Lucas,Rodrigues,,,https://www.bjjheroes.com/?p=13093
Lucas,Norat,,Gracie Barra,https://www.bjjheroes.com/?p=12267
Lucas,Valente,,Gracie Barra,https://www.bjjheroes.com/?p=8516
Lucas,Sachs,,,https://www.bjjheroes.com/?p=11812
Lucas,Souza,Foguinho,Atos,https://www.bjjheroes.com/?p=13269
Lucas,Silva,Lukete,Cassao Team /Gracie Barra,https://www.bjjheroes.com/?p=11512
Luciano,Nucci,Casquinha,Alliance,https://www.bjjheroes.com/?p=11701
Lucio,Rodrigues,Lagarto,Gracie Barra,https://www.bjjheroes.com/?p=1263
Luis Carlos,Dias,Manimal,Manimal,https://www.bjjheroes.com/?p=809
Luis,Heredia,Limao,Maui Jiu Jitsu,https://www.bjjheroes.com/?p=3245
Luis,Lima,Guga,,https://www.bjjheroes.com/?p=1395
Luis Roberto,Duarte,Bebeo,Brazilian Top Team,https://www.bjjheroes.com/?p=1675
Luis,Marques,,,https://www.bjjheroes.com/?p=10403
Luis,Oliveira,Cantareira,Frates JJ,https://www.bjjheroes.com/?p=13053
Luis,Roman,,,https://www.bjjheroes.com/?p=1722
Luiz,Dias,,GAS,https://www.bjjheroes.com/?p=2560
Luiz,Franca,,,https://www.bjjheroes.com/?p=2443
Luiz,Guilherme,Guigo,Guigo JJ,https://www.bjjheroes.com/?p=693
Luiz,Abdo,Tom,,https://www.bjjheroes.com/?p=1426
Luiz,Ribeiro,Manxinha,Checkmat,https://www.bjjheroes.com/?p=2404
Luiz,Panza,,Barbosa JJ,https://www.bjjheroes.com/?p=3122
Luiz,Paulo,,,https://www.bjjheroes.com/?p=11872
Luiz Felipe,Santos,,,https://www.bjjheroes.com/?p=14052
Luiz Henrique,Betta da Silva,,Clube Feijao,https://www.bjjheroes.com/?p=14104
Luiza,Monteiro,,Atos,https://www.bjjheroes.com/?p=5263
Luzia,Fernandes,,Gracie Barra,https://www.bjjheroes.com/?p=2627
Luke,Griffith,,New Wave,https://www.bjjheroes.com/?p=13733
Luke,Harris,,Hayabusa TC,https://www.bjjheroes.com/?p=13902
Mackenzie,Dern,,Gracie Humaita,https://www.bjjheroes.com/?p=2444
Maggie,Grindatti,,Fight Sports,https://www.bjjheroes.com/?p=10895
Malachi,Edmond,,Team Lloyd Irvin,https://www.bjjheroes.com/?p=10155
Manuel,Pontes,Nelton,Gracie Barra,https://www.bjjheroes.com/?p=7543
Mateus,Moraes,,CTA,https://www.bjjheroes.com/?p=13953
Mateus,Rodrigues,,AOJ,https://www.bjjheroes.com/?p=12544
Mateusz,Szczecinski,,,https://www.bjjheroes.com/?p=13916
Matheus,Costa,,GF Team,https://www.bjjheroes.com/?p=8112
Matheus,Diniz,Gorilla,Alliance,https://www.bjjheroes.com/?p=5423
Matheus,Felipe,Ta Danado,Checkmat,https://www.bjjheroes.com/?p=9230
Matheus,Gabriel Barros,,Checkmat,https://www.bjjheroes.com/?p=9002
Matheus,Godoy,,Alliance,https://www.bjjheroes.com/?p=10698
Matheus,Gonzaga,,,https://www.bjjheroes.com/?p=8800
Matheus,Spirandeli,,,https://www.bjjheroes.com/?p=7047
Matheus,Lima,,White House JJS,https://www.bjjheroes.com/?p=13111
Matheus,Luna,,Checkmat,https://www.bjjheroes.com/?p=10658
Matheus,Lutes,,Alliance,https://www.bjjheroes.com/?p=10909
Matheus,Menezes,Teteu,Atos,https://www.bjjheroes.com/?p=13438
Matheus,Vetoraci,,,https://www.bjjheroes.com/?p=14216
Matias,Estevez,,,https://www.bjjheroes.com/?p=12689
Matthew,Leighton,,Bonsai,https://www.bjjheroes.com/?p=8729
Marc,Laimon,,Cobra Kai,https://www.bjjheroes.com/?p=2322
Marcel,Louzado,,,https://www.bjjheroes.com/?p=1382
Marcelino,Freitas,Telino,Nova Uniao,https://www.bjjheroes.com/?p=570
Marcelo,Azevedo,Uirapuru,Gracie Barra,https://www.bjjheroes.com/?p=2985
Marcelo,Behring,,,https://www.bjjheroes.com/?p=739
Marcelo,Cohen,,The Armoury,https://www.bjjheroes.com/?p=8361
Marcelo,Garcia,Marcelinho,Alliance,https://www.bjjheroes.com/?p=16
Marcelo,Gomide,,Gracie Barra,https://www.bjjheroes.com/?p=10644
Marcelo,Nunes,,Zenith JJ,https://www.bjjheroes.com/?p=10405
Marcelo,Machado,,Gracie Humaita,https://www.bjjheroes.com/?p=1090
Marcelo,Mafra,Lapela,Checkmat,https://www.bjjheroes.com/?p=9706
Marcelo,Martins,Capo,Checkmat,https://www.bjjheroes.com/?p=8337
Marcelo,Ribeiro,,Gracie Barra,https://www.bjjheroes.com/?p=1253
Marcelo,Pereira,,,https://www.bjjheroes.com/?p=13628
Marcelo,Salazar,,,https://www.bjjheroes.com/?p=205
Marcelo,Saporito,,Carlson Gracie,https://www.bjjheroes.com/?p=943
Marcio Andre,Barbosa Junior,,Nova Uniao,https://www.bjjheroes.com/?p=4163
Marcio,Cruz,Pé de Pano,,https://www.bjjheroes.com/?p=9
Marcio,Corleta,,Winner BJJ,https://www.bjjheroes.com/?p=3099
Marcio,dos Santos,,Carlson Gracie,https://www.bjjheroes.com/?p=4135
Marcio,Feitosa,,Gracie Barra,https://www.bjjheroes.com/?p=687
Marcio,Stambowsky,Macarrao,,https://www.bjjheroes.com/?p=3090
Marco,Barbosa,"Barba, Barbosinha",Barbosa,https://www.bjjheroes.com/?p=492
Marco,Canha,Xassi,Checkmat,https://www.bjjheroes.com/?p=405
Marco,Vilella,Gigante,,https://www.bjjheroes.com/?p=1218
Marcos,Barreto,,,https://www.bjjheroes.com/?p=1161
Marcos,da Matta,Parrumpinha,American Top Team,https://www.bjjheroes.com/?p=1182
Marcos,Escobar,,,https://www.bjjheroes.com/?p=1124
Marcos,Cerqueira,,,https://www.bjjheroes.com/?p=617
Marcos,de Souza,,Bonsai,https://www.bjjheroes.com/?p=1848
Marcos,Galvao,Loro,Nova Uniao,https://www.bjjheroes.com/?p=2385
Marcos,Gomes Guedes,,,https://www.bjjheroes.com/?p=14261
Marcos,Martins,Petcho,B9,https://www.bjjheroes.com/?p=9573
Marco,Mendes,,Dream Art,https://www.bjjheroes.com/?p=13487
Marcos,Santana,Ratinho,,https://www.bjjheroes.com/?p=6577
Marcos,Oliveira,Santa Cruz,ADTT,https://www.bjjheroes.com/?p=5702
Marcos,Silva Tinoco,Lekinho,Alliance,https://www.bjjheroes.com/?p=4789
Marcos Paulo,Costa,,DDR,https://www.bjjheroes.com/?p=8290
Marcos,Torregrosa,Yamaso,,https://www.bjjheroes.com/?p=2290
Marcus,Almeida,Buchecha,Checkmat,https://www.bjjheroes.com/?p=984
Marcus,Beddor,,M-Theory,https://www.bjjheroes.com/?p=12303
Marcus,Bello,,GF Team,https://www.bjjheroes.com/?p=1619
Marcus,Norat,,,https://www.bjjheroes.com/?p=1785
Marcus,Phelan,,ECBJJA,https://www.bjjheroes.com/?p=11187
Marcus Vinicius,Ribeiro,Scooby,Alliance,https://www.bjjheroes.com/?p=10130
Mariana,Rolszt,,,https://www.bjjheroes.com/?p=12744
Margot,Ciccarelli,,Unity JJ,https://www.bjjheroes.com/?p=12233
Maria,Eduarda Tozoni,Duda,The Match Champ,https://www.bjjheroes.com/?p=12201
Maria,Luiza,,Almeida JJ,https://www.bjjheroes.com/?p=13505
Maria,Luiza Delahaye,,GF Team,https://www.bjjheroes.com/?p=13983
Maria,Malyjasiak,,,https://www.bjjheroes.com/?p=8759
Maria,Ruffatto,,BTT,https://www.bjjheroes.com/?p=13809
Maria Carolina,Vicentini,,Dream Art,https://www.bjjheroes.com/?p=13586
Marina,Ribeiro,,Checkmat,https://www.bjjheroes.com/?p=1810
Mario Claudio,Tallarico,,,https://www.bjjheroes.com/?p=3546
Mario,Reis,,Alliance,https://www.bjjheroes.com/?p=790
Mario,Yokoyama,,Ryan Gracie,https://www.bjjheroes.com/?p=1226
Mariusz,Linke,,Macaco Gold Team,https://www.bjjheroes.com/?p=2111
Mark,Ramos,,,https://www.bjjheroes.com/?p=1774
Marlon,Sandro,,Nova Uniao,https://www.bjjheroes.com/?p=367
Masahiro,Iwasaki,,Carpe Diem,https://www.bjjheroes.com/?p=7645
Mason,Fowler,,CTA,https://www.bjjheroes.com/?p=11789
Mathias,Luna,,Checkmat,https://www.bjjheroes.com/?p=10509
Matt,Thornton,,SBG,https://www.bjjheroes.com/?p=11874
Matt,Serra,,Renzo Gracie,https://www.bjjheroes.com/?p=1858
Mauricio,Antunes,,Checkmat,https://www.bjjheroes.com/?p=10094
Mauricio,Gomes,,,https://www.bjjheroes.com/?p=1185
Mauricio,Mariano,Tinguinha,,https://www.bjjheroes.com/?p=931
Mauricio,Oliveira Neto,,GF Team,https://www.bjjheroes.com/?p=8996
Mauro,Chueng,,Rio Grappling Club,https://www.bjjheroes.com/?p=960
Mauro,Pacifico,,Equipe Bushido,https://www.bjjheroes.com/?p=9106
Mayara,Custodio,,Checkmat,https://www.bjjheroes.com/?p=11926
Mayko,Araujo,,Checkmat,https://www.bjjheroes.com/?p=8218
Mayssa,Bastos,,GF Team,https://www.bjjheroes.com/?p=9271
Max,Lindblad,,Checkmat,https://www.bjjheroes.com/?p=8308
Maximiliano,Carvalho,,ZR Team,https://www.bjjheroes.com/?p=8714
Maximilian,Hanson,,Adamas,https://www.bjjheroes.com/?p=13804
Maximiliano,Trombini,,Cia Paulista,https://www.bjjheroes.com/?p=872
Maxine,Thylin,,,https://www.bjjheroes.com/?p=11620
Melqui,Galvao,,Escola Melqui Galvão,https://www.bjjheroes.com/?p=10088
Melissa,Cueto,,,https://www.bjjheroes.com/?p=10451
Meyram,Maquine,,Guigo JJ,https://www.bjjheroes.com/?p=11423
Mia,Funegra,,AOJ,https://www.bjjheroes.com/?p=14270
Micael,Galvao,,Escola Melqui Galvão,https://www.bjjheroes.com/?p=12122
Michael,Langhi,,Alliance,https://www.bjjheroes.com/?p=122
Michael,Perez,Mike,Atos,https://www.bjjheroes.com/?p=8427
Michael,Trasso,,Gracie Humaita,https://www.bjjheroes.com/?p=9253
Michael,Zenga,,,https://www.bjjheroes.com/?p=12455
Michael Jalen,Fonacier,,Alliance,https://www.bjjheroes.com/?p=13947
Michel,Langhi,,Alliance,https://www.bjjheroes.com/?p=1747
Michelle,Nicolini,,Checkmat,https://www.bjjheroes.com/?p=823
Mike,Fowler,,,https://www.bjjheroes.com/?p=1583
Milton,Bastos,,Ares JJ,https://www.bjjheroes.com/?p=7917
Milton,Regis,,Kioto,https://www.bjjheroes.com/?p=2231
Mitsuyoshi,Hayakawa,,Tri Force,https://www.bjjheroes.com/?p=1882
Moacir,Mendes Junior,,Alliance,https://www.bjjheroes.com/?p=8444
Moises,Murad,,Lotus,https://www.bjjheroes.com/?p=1005
Monica Vanessa,Silva,,2 Brothers,https://www.bjjheroes.com/?p=2206
Monique,Ricardo,,Checkmat,https://www.bjjheroes.com/?p=7903
Monir,Salomao,,,https://www.bjjheroes.com/?p=3416
Morgan,Black,,Tabula Rasa JJ,https://www.bjjheroes.com/?p=13594
Murilo,Amaral,,Alliance,https://www.bjjheroes.com/?p=9486
Murilo,Bustamante,,Brazilian Top Team,https://www.bjjheroes.com/?p=627
Murilo,Santana,,Unity,https://www.bjjheroes.com/?p=484
Muzio,de Angelis,,Brasa,https://www.bjjheroes.com/?p=702
Nabil,Aziz,,Nabil JJ,https://www.bjjheroes.com/?p=11245
Nadia,Frankland,,,https://www.bjjheroes.com/?p=14186
Natasha,Quiza,,Fight Sports,https://www.bjjheroes.com/?p=11986
Nathalie,Ribeiro,,Checkmat,https://www.bjjheroes.com/?p=9227
Natan,Chueng,,,https://www.bjjheroes.com/?p=10216
Nathan,Caroll,,Valor Martial Arts,https://www.bjjheroes.com/?p=13475
Nathan,Mendelsohn,,,https://www.bjjheroes.com/?p=8081
Nathannael,Fernandes,,Escola Melqui Galvão,https://www.bjjheroes.com/?p=12729
Nahum,Rabay,,,https://www.bjjheroes.com/?p=2602
Nelson,Monteiro,,,https://www.bjjheroes.com/?p=2247
Nia,Blackman,,Royal JJ,https://www.bjjheroes.com/?p=14244
Nicholas,Calvanese,Nick,TAC Team / BJJ United,https://www.bjjheroes.com/?p=7914
Nicholas,Meregali,,New Wave,https://www.bjjheroes.com/?p=7507
Nicholas,Maglicic,Nico,Atos,https://www.bjjheroes.com/?p=13463
Nicolas,Gregoriades,,JJ Brotherhood,https://www.bjjheroes.com/?p=2297
Nicole,Sullivan,Nikki,Atos,https://www.bjjheroes.com/?p=9823
Nick,Rodriguez,Nicky Rod,B Team,https://www.bjjheroes.com/?p=12110
Nick,Salles,,Movement Art,https://www.bjjheroes.com/?p=12102
Nick,Schrock,,Gracie Humaita,https://www.bjjheroes.com/?p=7922
Nicky,Ryan,,Renzo Gracie Academy,https://www.bjjheroes.com/?p=11735
Nikki,Lloyd-Griffiths,,Immersion MMA,https://www.bjjheroes.com/?p=13560
Nisar,Loynab,,Atos,https://www.bjjheroes.com/?p=10468
Nivaldo,Oliveira,Nil,Checkmat,https://www.bjjheroes.com/?p=1604
Nivia,Moura,Nina,Gracie Gym,https://www.bjjheroes.com/?p=8585
Nobuhiro,Sawada,,Tri-Force,https://www.bjjheroes.com/?p=9502
Nolan,Stuart,,Brea JJ,https://www.bjjheroes.com/?p=13737
Nuno,Martins,,,https://www.bjjheroes.com/?p=10172
Nyjah,Rollins,,Team Lloyd Irvin,https://www.bjjheroes.com/?p=8278
Octavio,Couto,Ratinho,Brasa,https://www.bjjheroes.com/?p=579
Odsuren,Bold-Erdene,,,https://www.bjjheroes.com/?p=11340
Octavio,de Almeida,,,https://www.bjjheroes.com/?p=2216
Olavo,Abreu,,PTT,https://www.bjjheroes.com/?p=11615
Oliver,Geddes,Oli,Roger Gracie,https://www.bjjheroes.com/?p=256
Oliver,Taza,,New Wave,https://www.bjjheroes.com/?p=11707
Omar,AlSuwaidi,,,https://www.bjjheroes.com/?p=14191
Omar,Salum,,,https://www.bjjheroes.com/?p=831
Otavio,Almeida,Peixotinho,Carlson Gracie,https://www.bjjheroes.com/?p=1071
Otavio,Sousa,,Gracie Barra,https://www.bjjheroes.com/?p=2107
Orlando,Sanchez,,Gracie Barra,https://www.bjjheroes.com/?p=2452
Osamah,Almarwai,,Atos,https://www.bjjheroes.com/?p=12615
Osvaldo,Alves,,,https://www.bjjheroes.com/?p=524
Oswaldo,Fadda,,,https://www.bjjheroes.com/?p=527
Oswaldo,Gracie,,Gracie JJ,https://www.bjjheroes.com/?p=1405
Oswaldo,da Rosa,Paquetá,Carlson Gracie,https://www.bjjheroes.com/?p=532
Owen,Jones,,Apex JJ,https://www.bjjheroes.com/?p=14164
Patricia,Lage,,Barbosa,https://www.bjjheroes.com/?p=1259
Patrick,Bittan,,,https://www.bjjheroes.com/?p=8658
Pablo,Lavaselli,,,https://www.bjjheroes.com/?p=11015
Pablo,Mantovani,,Atos,https://www.bjjheroes.com/?p=8069
Pablo,Popovitch,,,https://www.bjjheroes.com/?p=919
Pablo,Silva,,Gracie Barra,https://www.bjjheroes.com/?p=938
Pamela,Boveda Aguirre,,Nova Uniao,https://www.bjjheroes.com/?p=9717
Paul,Barch,PJ,10th Planet,https://www.bjjheroes.com/?p=9646
Paul,Schreiner,,Alliance,https://www.bjjheroes.com/?p=9344
Paulo,Filho,,,https://www.bjjheroes.com/?p=1870
Paulo,Gazze Junior,,Cia Paulista,https://www.bjjheroes.com/?p=1743
Paulo,Mauricio Strauch,,Strauch Jiu Jitsu,https://www.bjjheroes.com/?p=3016
Paulo,Gabriel Martins,,Gracie Humaita,https://www.bjjheroes.com/?p=10220
Paulo,Miyao,,PSLPB,https://www.bjjheroes.com/?p=2999
Paulo,Merlin,,Gracie Barra,https://www.bjjheroes.com/?p=14196
Pedro,Alex,Bombom,GF Team,https://www.bjjheroes.com/?p=11862
Pedro,Agrizzi,,Striker JJ,https://www.bjjheroes.com/?p=12277
Pedro,Crixel,,PSLPB,https://www.bjjheroes.com/?p=10263
Pedro,Dias,,CTA,https://www.bjjheroes.com/?p=8305
Pedro,Elias,Chupeta,,https://www.bjjheroes.com/?p=9741
Pedro,Hemeterio,Homem Quiabo,Gracie JJ,https://www.bjjheroes.com/?p=1980
Pedro,Lucas,,,https://www.bjjheroes.com/?p=13339
Pedro,Machado,,Gordo JJ / R1ng,https://www.bjjheroes.com/?p=12537
Pedro,Maia,,,https://www.bjjheroes.com/?p=12287
Pedro,Marinho,,Gracie Barra,https://www.bjjheroes.com/?p=11991
Pedro,Mello,,Atos,https://www.bjjheroes.com/?p=7760
Pedro,Pacheco Fernandes,,Tu Kaha JJ,https://www.bjjheroes.com/?p=1087
Pedro,Pessoa Bisneto,,ZR Team,https://www.bjjheroes.com/?p=14223
Pedro,Ramalho,Paquito,Focus JJ,https://www.bjjheroes.com/?p=8448
Pedro,Rocha,,Double Five,https://www.bjjheroes.com/?p=11027
Pedro,Sauer,,,https://www.bjjheroes.com/?p=1034
Pedro,Serrano,,Gracie Barra,https://www.bjjheroes.com/?p=10928
Pedro,Silva,Bolo,Dream Art,https://www.bjjheroes.com/?p=13422
Pedro,Veras,,PSLPB,https://www.bjjheroes.com/?p=11044
Penny,Thomas,,Gracie Humaita,https://www.bjjheroes.com/?p=1050
Peter,Letsos,,,https://www.bjjheroes.com/?p=1316
Perttu,Tepponen,,Hilti BJJ,https://www.bjjheroes.com/?p=9959
Philippe,Balmant,Philzinho,Alliance,https://www.bjjheroes.com/?p=7847
Philippe,Pomaski,,,https://www.bjjheroes.com/?p=10399
Pierre,Olivier-Leclerc,,TriStar,https://www.bjjheroes.com/?p=14227
Radoslaw,Turek,Radek,Berserkers Warsaw BJJ,https://www.bjjheroes.com/?p=8241
Rafael,Barbosa,Formiga,Double Five,https://www.bjjheroes.com/?p=921
Rafael,Barros,Fofitio,,https://www.bjjheroes.com/?p=4747
Rafael,Borges,,Fratres,https://www.bjjheroes.com/?p=14044
Rafael,Correa,Gordinho,Gordo JJ,https://www.bjjheroes.com/?p=2453
Rafael,Freitas,Barata,Gracie Barra,https://www.bjjheroes.com/?p=1753
Rafael,Heck,,Checkmat,https://www.bjjheroes.com/?p=1577
Rafael,Mansur,,,https://www.bjjheroes.com/?p=6599
Rafael,Mendes,,AOJ,https://www.bjjheroes.com/?p=179
Rafael,Dallinha,,BJJ Revolution,https://www.bjjheroes.com/?p=194
Rafael,dos Anjos,,,https://www.bjjheroes.com/?p=460
Rafael,dos Anjos Torres,,Alliance,https://www.bjjheroes.com/?p=12048
Rafael,Lovato Jr,,Lovato Jr. / Ribeiro JJ,https://www.bjjheroes.com/?p=576
Rafael,Paganini,,Alliance,https://www.bjjheroes.com/?p=10174
Rafael,Trabuco,,Gracie Barra,https://www.bjjheroes.com/?p=14188
Rafael,Vasconcelos de Lima,,Atos,https://www.bjjheroes.com/?p=8634
Rafaela,Guedes,,Atos,https://www.bjjheroes.com/?p=11656
Ralph,Gracie,,,https://www.bjjheroes.com/?p=1781
Raquel,Paaluhi Canuto,,Zenith JJ,https://www.bjjheroes.com/?p=8407
Ramon,Lemos,,Atos,https://www.bjjheroes.com/?p=640
Rany,Yahya,,Athaide JJ,https://www.bjjheroes.com/?p=177
Raphael,Abi-Rihan,,,https://www.bjjheroes.com/?p=813
Renato,Forasieppi Canuto,,Zenith JJ,https://www.bjjheroes.com/?p=7539
Renato,Migliaccio,,,https://www.bjjheroes.com/?p=548
Raphael,Chaves,Catatau,,https://www.bjjheroes.com/?p=991
Raoni,Barcelos,,Laerte Barcelos,https://www.bjjheroes.com/?p=1545
Raul,Gomes,,Gracie Humaita,https://www.bjjheroes.com/?p=8213
Raul,Basilio,,Almeida JJ,https://www.bjjheroes.com/?p=11534
Rawana,Silva,,Dream Art,https://www.bjjheroes.com/?p=13875
Rayron,Gracie,,RGA,https://www.bjjheroes.com/?p=13480
Reginaldo,Gurgel Almeida,,SAS,https://www.bjjheroes.com/?p=1627
Reinaldo,Ribeiro,,,https://www.bjjheroes.com/?p=1149
Relson,Gracie,Campeao,,https://www.bjjheroes.com/?p=1957
Renan,Pegado,Barao,Nova Uniao,https://www.bjjheroes.com/?p=1778
Renan,Cruz,,R1NG,https://www.bjjheroes.com/?p=12641
Renata,Marinho,,Alliance,https://www.bjjheroes.com/?p=8779
Renato,Barreto,,Gracie Humaita,https://www.bjjheroes.com/?p=1372
Renato,Cardoso,Coco,Checkmat,https://www.bjjheroes.com/?p=2235
Renato,Tavares,,,https://www.bjjheroes.com/?p=588
Renzo,Gracie,,Renzo Gracie,https://www.bjjheroes.com/?p=52
Rerisson,Gabriel,,,https://www.bjjheroes.com/?p=14225
Reyson,Gracie,,,https://www.bjjheroes.com/?p=2003
Ricardo,Abreu,Demente,Nova Uniao,https://www.bjjheroes.com/?p=331
Ricardo,Almeida,Cachorrao,Renzo Gracie,https://www.bjjheroes.com/?p=278
Ricardo,Arona,,Brazilian Top Team,https://www.bjjheroes.com/?p=93
Ricardo,Cavalcanti,,,https://www.bjjheroes.com/?p=1325
Ricardo,De La Riva,,de la Riva,https://www.bjjheroes.com/?p=361
Ricardo,Diogo,Rey,Carlson Gracie,https://www.bjjheroes.com/?p=2340
Ricardo,Evangelista,Jegue,GF Team,https://www.bjjheroes.com/?p=1534
Ricardo,Feliciano,Pantcho,Checkmat,https://www.bjjheroes.com/?p=8202
Ricardo,Liborio,,American Top Team,https://www.bjjheroes.com/?p=591
Ricardo,Marques,,Brazilian Top Team,https://www.bjjheroes.com/?p=8409
Ricardo,Miller,Franjinha,Paragon,https://www.bjjheroes.com/?p=630
Ricardo,Soranco,,BTT,https://www.bjjheroes.com/?p=13840
Ricardo,Vieira,"Rico, Ricardinho",Checkmat,https://www.bjjheroes.com/?p=338
Richar,Nogueira,,PSLPB,https://www.bjjheroes.com/?p=9094
Richard,Alarcon,Red,,https://www.bjjheroes.com/?p=10357
Richard,Martin,Dickie,Carlson Gracie,https://www.bjjheroes.com/?p=806
Rickson,Gracie,,,https://www.bjjheroes.com/?p=67
Rida,Haisam,,Carpe Diem,https://www.bjjheroes.com/?p=9559
Rider,Zuchi,,,https://www.bjjheroes.com/?p=11064
Rigan,Machado,,Machado JJ,https://www.bjjheroes.com/?p=1817
Rikako,Yuasa,Lady Sasa,Paraestra,https://www.bjjheroes.com/?p=5761
Rilion,Gracie,,,https://www.bjjheroes.com/?p=1488
Robert,Diggle,Degle,,https://www.bjjheroes.com/?p=12254
Robert,Drysdale,,,https://www.bjjheroes.com/?p=378
Roberto,Alencar,Tussa,Gracie Barra,https://www.bjjheroes.com/?p=926
Roberto,Abreu,Cyborg,Fight Sports,https://www.bjjheroes.com/?p=224
Roberto,Atalla,,Rio Grappling Club,https://www.bjjheroes.com/?p=535
Roberto,Correa,Gordo,Gordo JJ,https://www.bjjheroes.com/?p=553
Roberto,Godoi,,,https://www.bjjheroes.com/?p=601
Roberto,Jimenez,,Studio 76,https://www.bjjheroes.com/?p=10880
Roberto,Lage,,,https://www.bjjheroes.com/?p=2529
Roberto,Magalhaes,Roleta,,https://www.bjjheroes.com/?p=550
Roberto,Satoshi,,Bonsai,https://www.bjjheroes.com/?p=1824
Roberto,Tozi,,,https://www.bjjheroes.com/?p=384
Roberto,Traven,,,https://www.bjjheroes.com/?p=1204
Robson,Chaves,No Break,Alliance,https://www.bjjheroes.com/?p=13940
Robson,Gracie,,,https://www.bjjheroes.com/?p=3394
Robson,Lima,Mau Mau,,https://www.bjjheroes.com/?p=11281
Robson,Moura,Robinho,Nova Uniao,https://www.bjjheroes.com/?p=195
Rockson,Gracie,,,https://www.bjjheroes.com/?p=3226
Rodney,Ellis,,Nova Uniao,https://www.bjjheroes.com/?p=1065
Rodolfo,Vieira,Black Belt Hunter,GF Team,https://www.bjjheroes.com/?p=247
Rodolphe,Olivier,,Gokudo,https://www.bjjheroes.com/?p=2355
Rodrigo,Antunes,,,https://www.bjjheroes.com/?p=2048
Rodrigo,Cabral,Brucutu,,https://www.bjjheroes.com/?p=1207
Rodrigo,Carvalho,,Gracie Barra,https://www.bjjheroes.com/?p=8696
Rodrigo,Cavaca,,Zenith BJJ,https://www.bjjheroes.com/?p=543
Rodrigo,Conceicao,"Aquiles, Akilis",Alliance,https://www.bjjheroes.com/?p=3206
Rodrigo,Caporal,,,https://www.bjjheroes.com/?p=631
Rodrigo,Fajardo,Pimpolho,Gracie Barra,https://www.bjjheroes.com/?p=1895
Rodrigo,Francioni,,Fight Sports,https://www.bjjheroes.com/?p=12376
Rodrigo,Gracie,,,https://www.bjjheroes.com/?p=10579
Rodrigo,Lopes,Tatu,,https://www.bjjheroes.com/?p=12566
Rodrigo,Medeiros,Comprido,Brasa,https://www.bjjheroes.com/?p=559
Rodrigo,Medeiros,,BJJ Revolution,https://www.bjjheroes.com/?p=647
Rodrigo,Munduruca,,,https://www.bjjheroes.com/?p=9720
Rodrigo,Ranieri,,,https://www.bjjheroes.com/?p=1440
Rodrigo,Ribeiro,,G13,https://www.bjjheroes.com/?p=8762
Rodrigo,Siqueira,,Alliance,https://www.bjjheroes.com/?p=10321
Roiner,Lima,,Gracie Barra,https://www.bjjheroes.com/?p=12251
Roger,Coelho,,,https://www.bjjheroes.com/?p=1297
Roger,Gracie,,Roger Gracie JJ,https://www.bjjheroes.com/?p=505
Rogerio,Poggio,,Infight,https://www.bjjheroes.com/?p=1942
Rogerio,Taborda,,,https://www.bjjheroes.com/?p=214
Rolando,Samson,,Atos,https://www.bjjheroes.com/?p=8261
Rolker,Gracie,,Gracie Humaita,https://www.bjjheroes.com/?p=1445
Rolls,Gracie,,,https://www.bjjheroes.com/?p=27
Rolles,Gracie,,,https://www.bjjheroes.com/?p=70
Romero,Cavalcanti,Jacare,Alliance,https://www.bjjheroes.com/?p=355
Romulo,Azevedo,Caju,Welton Ribeiro JJ,https://www.bjjheroes.com/?p=7579
Romulo,Barral,,Gracie Barra,https://www.bjjheroes.com/?p=320
Ronaldo,Junior,,Atos,https://www.bjjheroes.com/?p=10162
Ronaldo,Souza,Jacare,,https://www.bjjheroes.com/?p=117
Roosevelt,Sousa,,,https://www.bjjheroes.com/?p=11499
Rose,El Sharouni,,Checkmat,https://www.bjjheroes.com/?p=13158
Ross,Nicholls,,Roger Gracie Academy,https://www.bjjheroes.com/?p=9261
Rousimar,Palhares,"Toquinho, Paul Harris",,https://www.bjjheroes.com/?p=431
Royce,Gracie,,,https://www.bjjheroes.com/?p=743
Royler,Gracie,,Gracie Humaita,https://www.bjjheroes.com/?p=515
Ruan,Alvarenga,,Alliance/ Pantera Negra,https://www.bjjheroes.com/?p=12080
Rubens,Charles,Cobrinha,Alliance,https://www.bjjheroes.com/?p=147
Rudson,Mateus,,Atos,https://www.bjjheroes.com/?p=8100
Rufino,Gomes,Morcego,Checkmat,https://www.bjjheroes.com/?p=781
Rui,Alves Neto,,Dream Art,https://www.bjjheroes.com/?p=13099
Ryan,Aitken,,10th Planet,https://www.bjjheroes.com/?p=14013
Ryan,Hall,,50/50,https://www.bjjheroes.com/?p=725
Ryan,Beauregard,,,https://www.bjjheroes.com/?p=2378
Ryan,Murphy,,Crosley Gracie,https://www.bjjheroes.com/?p=1232
Ryo,Ominami,,Gracie Barra,https://www.bjjheroes.com/?p=1644
Ryron,Gracie,,Gracie JJ,https://www.bjjheroes.com/?p=2252
Sabrina,Gondim,,,https://www.bjjheroes.com/?p=13822
Saeed,Dunkaev,,Checkmat,https://www.bjjheroes.com/?p=11271
Salla,Simola,,Hilti BJJ,https://www.bjjheroes.com/?p=14181
Salvatore,Pace,,Gracie Barra,https://www.bjjheroes.com/?p=1710
Sam,McNally,,,https://www.bjjheroes.com/?p=12751
Samantha,Cook,,Checkmat,https://www.bjjheroes.com/?p=8192
Samir,Chantre,,CTBJJA,https://www.bjjheroes.com/?p=1436
Samuel,Braga,,Gracie Barra,https://www.bjjheroes.com/?p=1761
Samuel,Nagai,,Checkmat,https://www.bjjheroes.com/?p=11510
Samy,Al Jamal,,,https://www.bjjheroes.com/?p=1904
Santiago,Guerra,,,https://www.bjjheroes.com/?p=14028
Santeri,Lilius,,LiliusBarnatt MMA,https://www.bjjheroes.com/?p=11111
Saulo,Ribeiro,,Ribeiro JJ,https://www.bjjheroes.com/?p=481
Scott,Kaplan,,,https://www.bjjheroes.com/?p=13913
Sean,Roberts,,Sektor BJJ,https://www.bjjheroes.com/?p=12617
Seif-Eddine,Houmine,,,https://www.bjjheroes.com/?p=9515
Sebastian,Brosche,,Frontline,https://www.bjjheroes.com/?p=7695
Sebastian,Rodriguez,,Unity JJ,https://www.bjjheroes.com/?p=12215
Sebastian,Serpa,,,https://www.bjjheroes.com/?p=12573
Serena,Gabrielli,,Flow JJ,https://www.bjjheroes.com/?p=7768
Sergio,Ardila-Ibarra,,American Top Team,https://www.bjjheroes.com/?p=7686
Sergio,Benini,,Gracie Barra,https://www.bjjheroes.com/?p=7582
Sergio,Calderon,,CFC Team,https://www.bjjheroes.com/?p=9697
Sergio,Iris,Serginho de Niteroi,Carlson Gracie,https://www.bjjheroes.com/?p=3505
Sergio,Moraes,,Alliance,https://www.bjjheroes.com/?p=138
Sergio,Gasparelli,Babu,,https://www.bjjheroes.com/?p=1312
Sergio,Penha,,,https://www.bjjheroes.com/?p=677
Sergio,Rios,Pichilinga,99 Jiu-Jitsu / Academia Dojô,https://www.bjjheroes.com/?p=9637
Sergio,Souza,Bolao,,https://www.bjjheroes.com/?p=895
Sergio,Zimmerman,Canuto,Pound for Pound,https://www.bjjheroes.com/?p=4268
Servio,Tulio,,Gracie Barra,https://www.bjjheroes.com/?p=8528
Shane,Rice,,,https://www.bjjheroes.com/?p=1301
Shanti,Abelha,,Checkmat,https://www.bjjheroes.com/?p=3186
Shawn,Williams,,,https://www.bjjheroes.com/?p=793
Shelby,Murphey,,AOJ,https://www.bjjheroes.com/?p=13427
Sheliah,Lindsey,,Magness BJJ,https://www.bjjheroes.com/?p=13193
Silvana,Abreu,,,https://www.bjjheroes.com/?p=718
Silvio,Duran,,Vitor Shaolin BJJ,https://www.bjjheroes.com/?p=9064
Sim,Go,,Cobra Kai,https://www.bjjheroes.com/?p=1508
Shay,Montague,,,https://www.bjjheroes.com/?p=13453
Shinya,Aoki,,,https://www.bjjheroes.com/?p=1319
Stefano,Correa,,AOA,https://www.bjjheroes.com/?p=9893
Steffen,Banta,,Alliance,https://www.bjjheroes.com/?p=13138
Sylvio,Behring,,,https://www.bjjheroes.com/?p=1631
Sofia,Amarante,,Fight Sports,https://www.bjjheroes.com/?p=11454
Tacio,Carneiro,,,https://www.bjjheroes.com/?p=11471
Tadiyah,Danforth,,Alliance,https://www.bjjheroes.com/?p=12644
Tainan,Dalpra,,AOJ,https://www.bjjheroes.com/?p=11697
Talia,Marie Vaughn,,Gracie Humaita,https://www.bjjheroes.com/?p=9762
Talita,Nogueira,Treta,Ryan Gracie,https://www.bjjheroes.com/?p=1430
Tammi,Musumeci,,,https://www.bjjheroes.com/?p=3607
Tarik,Hopstock,,Frontline,https://www.bjjheroes.com/?p=12654
Tracey,Goodell,,,https://www.bjjheroes.com/?p=11975
Tarcisio,Jardim,,Checkmat,https://www.bjjheroes.com/?p=1290
Tarsis,Humpreys,,Alliance,https://www.bjjheroes.com/?p=477
Thais,Loureiro,,,https://www.bjjheroes.com/?p=13220
Thais,Ramos,,,https://www.bjjheroes.com/?p=8718
Thalyta,Silva,Thata,Vision,https://www.bjjheroes.com/?p=12845
Thalison,Soares,,,https://www.bjjheroes.com/?p=10099
Thamara,Ferreira,,,https://www.bjjheroes.com/?p=10100
Thamires,Monteiro,Tami,Checkmat,https://www.bjjheroes.com/?p=12542
Thaynara,Victoria,,Dream Art,https://www.bjjheroes.com/?p=14050
Tamires,Silva,,,https://www.bjjheroes.com/?p=13937
Theodoro,Canal,,GF Team,https://www.bjjheroes.com/?p=1178
Thiago,Abud,,Unity JJ,https://www.bjjheroes.com/?p=11338
Thiago,Barreto,,Commando Group,https://www.bjjheroes.com/?p=8819
Thiago,Borges,Monstro,,https://www.bjjheroes.com/?p=537
Thiago,Fernandes,,Nova Uniao,https://www.bjjheroes.com/?p=2181
Thiago,Leiras,,Brazil 021,https://www.bjjheroes.com/?p=1727
Thiago,Macedo,,RPBJJ,https://www.bjjheroes.com/?p=8632
Thiago,Rogerio,,Brazil 021,https://www.bjjheroes.com/?p=1555
Thiago,Saboia,,Alliance,https://www.bjjheroes.com/?p=14084
Thibaut,Olivier,,Gokudo,https://www.bjjheroes.com/?p=2434
Tiago,Alves,,Barbosa,https://www.bjjheroes.com/?p=1055
Tiago,Rocha,,Alliance,https://www.bjjheroes.com/?p=7865
Thiago,Sa Fortes,,Checkmat,https://www.bjjheroes.com/?p=4145
Thomas,Halpin,Tom,Fight Sports,https://www.bjjheroes.com/?p=8866
Thomas,Lisboa,,Alliance,https://www.bjjheroes.com/?p=8874
Todd,Margolis,,Potomac MMA,https://www.bjjheroes.com/?p=12057
Totila,Jordan,Pitoco,,https://www.bjjheroes.com/?p=3458
Tommy,Langaker,,Nova Uniao,https://www.bjjheroes.com/?p=8105
Travis,Lutter,,,https://www.bjjheroes.com/?p=1994
Travis,Stevens,,,https://www.bjjheroes.com/?p=10903
Tye,Ruotolo,,Atos,https://www.bjjheroes.com/?p=12003
Uanderson,Ferreira,,,https://www.bjjheroes.com/?p=12671
Ulpiano,Malachias,,Gracie Barra,https://www.bjjheroes.com/?p=1491
Vagner,Rocha,Ceara,VRMMA,https://www.bjjheroes.com/?p=8394
Valdir,Araujo Junior,"BB Monster, BB Monstro",,https://www.bjjheroes.com/?p=10501
Valmyr,Neto,,,https://www.bjjheroes.com/?p=1851
Vanessa,English,,Gracie Barra,https://www.bjjheroes.com/?p=9083
Vanessa,Griffin,,Team Lloyd Irvin,https://www.bjjheroes.com/?p=11909
Vanessa,Oliveira,,GF Team,https://www.bjjheroes.com/?p=2073
Vedha,Toscano,,Team Fabio Clemente,https://www.bjjheroes.com/?p=10210
Vicente,Junior,,BJJ Conquest,https://www.bjjheroes.com/?p=7732
Victor,Costa,,,https://www.bjjheroes.com/?p=1945
Victor,Estima,,Gracie Barra,https://www.bjjheroes.com/?p=1617
Victor,Hugo,,Ribeiro JJ,https://www.bjjheroes.com/?p=10159
Victor,Genovesi,,Alliance,https://www.bjjheroes.com/?p=3110
Victor,Nithael,,Nova Uniao,https://www.bjjheroes.com/?p=11754
Vincent,Nguyen,,ONE JJ,https://www.bjjheroes.com/?p=8090
Vinicius,Aieta,,Gracie Humaita,https://www.bjjheroes.com/?p=730
Vinicius,Coelho,Villem,Gracie Barra,https://www.bjjheroes.com/?p=12298
Vinicius,Corrales,,Gracie Humaita,https://www.bjjheroes.com/?p=1275
Vinicius,Ferreira,Trator,Alliance,https://www.bjjheroes.com/?p=9180
Vinicius,Lessa,,Calasans Camargo,https://www.bjjheroes.com/?p=13190
Vinicius,Liberati,,Fratres,https://www.bjjheroes.com/?p=13417
Vinicius,Magalhaes,Draculino,Gracie Barra,https://www.bjjheroes.com/?p=374
Vinicius,Magalhaes,"Vinny, Pesao",,https://www.bjjheroes.com/?p=733
Vinicius,Marinho,,GF Team,https://www.bjjheroes.com/?p=1600
Vinicius,Martins,Chambourcy,Alliance,https://www.bjjheroes.com/?p=13450
Vinicius,Pedrosa,,GF Team,https://www.bjjheroes.com/?p=9173
Vinicius,Pereira,,Cassão Team,https://www.bjjheroes.com/?p=9956
Victor,Silverio,,GF Team,https://www.bjjheroes.com/?p=4235
Vitor,Ribeiro,Shaolin,Nova Uniao,https://www.bjjheroes.com/?p=81
Vitor,Henrique,,GF Team,https://www.bjjheroes.com/?p=2035
Vitor,Toledo,Gigante,,https://www.bjjheroes.com/?p=1986
Vitoria,Assis,,,https://www.bjjheroes.com/?p=14169
Vitoria,Vieira,,GF Team,https://www.bjjheroes.com/?p=12594
Wagner,Campos,Galeto,,https://www.bjjheroes.com/?p=272
Wagnney,Fabiano,,Nova Uniao,https://www.bjjheroes.com/?p=2175
Wallace,Costa,,GF Team,https://www.bjjheroes.com/?p=11709
Waldemar,Santana,,,https://www.bjjheroes.com/?p=25
Waldomiro,Perez,,Cia Paulista,https://www.bjjheroes.com/?p=1097
Waldir,Filho,,BTT,https://www.bjjheroes.com/?p=11572
Walid,Ismail,,Carlson Gracie,https://www.bjjheroes.com/?p=508
Washington,Luis Lima,,,https://www.bjjheroes.com/?p=11632
Walter,Mattos,,,https://www.bjjheroes.com/?p=1891
Wanki,Chae,,John Frankl Jiu-Jitsu,https://www.bjjheroes.com/?p=8842
Welerson,Goncalves,,,https://www.bjjheroes.com/?p=13209
Wellington,Dias,Megaton,Gracie Humaita,https://www.bjjheroes.com/?p=613
Wendell,Alexander,,Nova Uniao,https://www.bjjheroes.com/?p=634
Wilson,Bueno,,,https://www.bjjheroes.com/?p=14067
Wilson,Mattos,,,https://www.bjjheroes.com/?p=2517
William,Abreu,,Black House,https://www.bjjheroes.com/?p=11559
William,Tackett,,Brazilian Fight Factory /Checkmat,https://www.bjjheroes.com/?p=11771
Willis,Nunes,Pipoca,Checkmat,https://www.bjjheroes.com/?p=11794
Wilson,Moreira Costa,,PSLPB,https://www.bjjheroes.com/?p=11293
Windson,Torres,,,https://www.bjjheroes.com/?p=14237
Xiong,Yuxing,Emma,,https://www.bjjheroes.com/?p=8119
Yacinta,Nguyen,,Toronto BJJ,https://www.bjjheroes.com/?p=8783
Yago,de Souza,,,https://www.bjjheroes.com/?p=5347
Yatan,Bueno,,,https://www.bjjheroes.com/?p=12055
Yara,Soares,,,https://www.bjjheroes.com/?p=10897
Yigit,Hanay,,,https://www.bjjheroes.com/?p=13871
Ygor,Rodrigues,,Equipe Marcio Rodrigues,https://www.bjjheroes.com/?p=9121
Youngseung,Cho,,,https://www.bjjheroes.com/?p=13389
Yuta,Shimada,,Nexusense,https://www.bjjheroes.com/?p=8536
Yuki,Nakai,,Paraestra,https://www.bjjheroes.com/?p=996
Yukinori,Sasa,,Paraestra,https://www.bjjheroes.com/?p=3348
Yuri,Hendrex,,PSLPB,https://www.bjjheroes.com/?p=11212
Yuri,Simoes,Novinho,CTA,https://www.bjjheroes.com/?p=1740
Yuri,da Silva,Brothers Club,,https://www.bjjheroes.com/?p=14266
Yusuke,Honma,,Paraestra,https://www.bjjheroes.com/?p=1122
Yvone,Duarte,,,https://www.bjjheroes.com/?p=3569
Zach,Maslany,,,https://www.bjjheroes.com/?p=12227
Zach,Kaina,,AOJ,https://www.bjjheroes.com/?p=13341
Zak,Maxwell,,Gracie Humaita,https://www.bjjheroes.com/?p=1137
Zayed,Alkatheeri,,,https://www.bjjheroes.com/?p=12968
Shimon,Mochizuki,,Checkmat,https://www.bjjheroes.com/?p=4230
Tim,Spriggs,,Lloyd Irvin,https://www.bjjheroes.com/?p=4310
Andre,da Silva,Marola,Nova Uniao,https://www.bjjheroes.com/?p=4334
Alain,Pozo,,Carlson Gracie,https://www.bjjheroes.com/?p=4381
Jacob,McKee,Budo Jake,Gracie Barra,https://www.bjjheroes.com/?p=4420
Jose,Higinio,,,https://www.bjjheroes.com/?p=4415
Riccardo,Ammendolia,Baleia,,https://www.bjjheroes.com/?p=4437
Patrick,Gaudio,,GF Team,https://www.bjjheroes.com/?p=4430
Jaime,Canuto,,GF Team,https://www.bjjheroes.com/?p=4460
Andris,Brunovskis,,Atos,https://www.bjjheroes.com/?p=4465
Mauro,Ayres,,Nova Geracao,https://www.bjjheroes.com/?p=4481
Paulo,Brandão,Coelho,,https://www.bjjheroes.com/?p=4485
Michael,Liera Junior,,Atos,https://www.bjjheroes.com/?p=4655
Fabio,Monteiro,Binho,Ass. Monteiro,https://www.bjjheroes.com/?p=4641
Erberth,Santos,,Almeida JJ,https://www.bjjheroes.com/?p=4521
Henry,Akins,,Dynamix MMA,https://www.bjjheroes.com/?p=4687
Renato,Miragaia,,,https://www.bjjheroes.com/?p=4676
Bruno,Fernandes,,Gracie Barra,https://www.bjjheroes.com/?p=4943
Fernando,Gurgel,,Alliance,https://www.bjjheroes.com/?p=4912
Fernando,Yamasaki,,Yamasaki JJ,https://www.bjjheroes.com/?p=7856
Luis Carlos,Atalla,Luca,Gracie Barra,https://www.bjjheroes.com/?p=4717
Marcelo,Mello,,,https://www.bjjheroes.com/?p=4740
Marcelo,Alonso,,Carlson Gracie,https://www.bjjheroes.com/?p=4776
Ricardo,Rezende,,Fight Sports,https://www.bjjheroes.com/?p=4859
Alexandre,Dantas,Cafe,Gracie Barra,https://www.bjjheroes.com/?p=4864
Kim,Terra,,,https://www.bjjheroes.com/?p=4851
Sergio,Jardim,Malibu,,https://www.bjjheroes.com/?p=4877
Monique,Elias,,Alliance,https://www.bjjheroes.com/?p=4838
Roy,Harris,,,https://www.bjjheroes.com/?p=4794
Dimitrius,Souza,,Alliance,https://www.bjjheroes.com/?p=4960
Rodrigo,Pagani,,Gracie Humaita,https://www.bjjheroes.com/?p=4993
Givanildo,Santana,"Giva, The Arm Collector",Lotus,https://www.bjjheroes.com/?p=5000
Geovanny,Martinez,"Geo, Freakazoid",10th Planet,https://www.bjjheroes.com/?p=4996
Fabiano,Scherner,Pega Leve,Gracie Barra,https://www.bjjheroes.com/?p=5016
Enson,Inoue,Yamato Damashii,Purebred,https://www.bjjheroes.com/?p=5020
Joao Pedro,Rodrigues,Somalia,Checkmat,https://www.bjjheroes.com/?p=5114
Carlos,Rosado,,Carlson Gracie,https://www.bjjheroes.com/?p=5135
Vinicius,Cruz,Vinicinho,Carlson Gracie,https://www.bjjheroes.com/?p=5157
Rosangela,Conceicao,Zanza,,https://www.bjjheroes.com/?p=5162
Andre,Motta,Andrezinho,Nova Uniao,https://www.bjjheroes.com/?p=5206
Carlos,Rollyson,,Carlson Gracie/Alliance,https://www.bjjheroes.com/?p=5223
Antonio,Passos,Tony,Atos,https://www.bjjheroes.com/?p=5320
Thomas,DeBlass,Tom,,https://www.bjjheroes.com/?p=5324
Beneil,Dariush,,,https://www.bjjheroes.com/?p=5365
Dean,Liebenberg,Cu Vermelho,Cia Paulista,https://www.bjjheroes.com/?p=5391
Venla,Luukkonen,,Hilti BJJ,https://www.bjjheroes.com/?p=5410
Guilherme,Augusto,,Alliance,https://www.bjjheroes.com/?p=5417
Guilherme,Lambertucci,,Gracie Barra,https://www.bjjheroes.com/?p=12084
Osvaldo,Moizinho,Queixinho,,https://www.bjjheroes.com/?p=5414
Michael,Musumeci,Mikey,,https://www.bjjheroes.com/?p=5447
Herbert,Burns,,,https://www.bjjheroes.com/?p=5453
Ibrahim,Inal,,Checkmat,https://www.bjjheroes.com/?p=5473
Victor,Honorio,,GF Team,https://www.bjjheroes.com/?p=5509
Sebastian,Lalli,,Checkmat,https://www.bjjheroes.com/?p=5523
Manuel,Ribamar,Riba,,https://www.bjjheroes.com/?p=5636
Jamie,Cruz,,Renzo Gracie Academy,https://www.bjjheroes.com/?p=5617
Marcio,Rodrigues,,Equipe Marcio Rodrigues,https://www.bjjheroes.com/?p=5609
Alan,Marques,Gumby,Heroes Martial Arts/Ralph Gracie Academy,https://www.bjjheroes.com/?p=5592
Emily,Kwok,,MGinAction/Princeton BJJ,https://www.bjjheroes.com/?p=5578
Louis,Vintaloro,,Performance Jiu-Jitsu,https://www.bjjheroes.com/?p=5549
Steve,Maxwell,,,https://www.bjjheroes.com/?p=5751
Arthur,Sousa,AJ,AJSBJJ/ATT,https://www.bjjheroes.com/?p=5747
Isaque,Paiva,Boia,Saikoo JJ,https://www.bjjheroes.com/?p=5715
Joaquina,Bomfim,Jiu-quina,Gracie Barra,https://www.bjjheroes.com/?p=5634
Wellington,Luis,Alemao,,https://www.bjjheroes.com/?p=5756
Thiago,Abreu,Baiano,Checkmat,https://www.bjjheroes.com/?p=5909
Thiago,Gaia,,Checkmat,https://www.bjjheroes.com/?p=5926
Rodrigo,Freitas,,Freitas JJ,https://www.bjjheroes.com/?p=5930
Jared,Dopp,,Lovato Jr. / Ribeiro JJ,https://www.bjjheroes.com/?p=5861
Mahamed,Aly,,Team Lloyd Irvin,https://www.bjjheroes.com/?p=5842
Jose Tiago,Barros,,PSLPB,https://www.bjjheroes.com/?p=5789
Bruno,Paulista,Mamute,,https://www.bjjheroes.com/?p=5793
Paulo,Guillobel,,Ribeiro JJ,https://www.bjjheroes.com/?p=5785
Everdan,Olegario,Mestre Dan,Alliance,https://www.bjjheroes.com/?p=5814
Andre,Glodzinski,,Cia Paulista,https://www.bjjheroes.com/?p=5820
Deborah,Maxwell,DC,,https://www.bjjheroes.com/?p=5854
Chris,Haueter,,Combat Base,https://www.bjjheroes.com/?p=5858
Jorge,Pereira,,,https://www.bjjheroes.com/?p=5869
Fabio,Nascimento,Negao,Lotus Clube,https://www.bjjheroes.com/?p=5873
Felicia,Oh,,Machado JJ,https://www.bjjheroes.com/?p=5883
Daniel,Wanderley,Cachorrao,Carlson Gracie,https://www.bjjheroes.com/?p=5900
Wilson,Reis,,G13,https://www.bjjheroes.com/?p=5992
Carlson,Gracie Junior,Carlsinho,Carlson Gracie,https://www.bjjheroes.com/?p=5998
Paulo,Rezende,Paulao,Zenith BJJ,https://www.bjjheroes.com/?p=6006
Vinicius,Amaral,,Game Fight,https://www.bjjheroes.com/?p=6002
Adriano,Moraes,,Team Constrictor,https://www.bjjheroes.com/?p=6054
Nic,Ruben Nikolaison,,Frontline,https://www.bjjheroes.com/?p=6033
Reylson,Gracie,,,https://www.bjjheroes.com/?p=6041
Ghazaleh,Parman,Gazzy,,https://www.bjjheroes.com/?p=6046
Tomoyuki,Hashimoto,Passport,Carpe Diem,https://www.bjjheroes.com/?p=6060
Steve,da Silva,Suga Pop,Nova Uniao,https://www.bjjheroes.com/?p=6064
Ataide,Ludgero Junior,,Team Constrictor,https://www.bjjheroes.com/?p=6081
Wander,Braga,,,https://www.bjjheroes.com/?p=6084
Mansher,Khera,,Alliance,https://www.bjjheroes.com/?p=6095
Isaac,Doederlein,,Alliance,https://www.bjjheroes.com/?p=6103
Isaak,Michell,,,https://www.bjjheroes.com/?p=13518
Karen,Antunes,,Checkmat,https://www.bjjheroes.com/?p=6149
Hiago,George,,PSLPB Cicero Costha,https://www.bjjheroes.com/?p=6151
Tanner,Rice,,Rice Brothers,https://www.bjjheroes.com/?p=6156
Elan,Santiago,,Alliance,https://www.bjjheroes.com/?p=6158
Ricco,Rodriguez,Suave,,https://www.bjjheroes.com/?p=6167
Luigi,Mondelli,,ATT,https://www.bjjheroes.com/?p=6170
Suyan,Queiroz,,,https://www.bjjheroes.com/?p=6176
Aldo,Januario,Caveirinha,Caveirinha JJ Family,https://www.bjjheroes.com/?p=6186
Djalma,Spindola,,Ribeiro JJ,https://www.bjjheroes.com/?p=6196
Carlos,Barreto,Carlao,BTT,https://www.bjjheroes.com/?p=6203
Alison,Trembley,,BTT,https://www.bjjheroes.com/?p=6227
Sophia,McDermott Drysdale,,,https://www.bjjheroes.com/?p=6236
Ailson,Brites,Jucao,Equipe Jucão,https://www.bjjheroes.com/?p=6246
Diego,Borges,,Zenith JJ,https://www.bjjheroes.com/?p=6253
Rodnei,Barbosa,Roy,Zenith JJ,https://www.bjjheroes.com/?p=6258
Paulo,Sergio,,PS Phoenix JJ,https://www.bjjheroes.com/?p=6276
Pirillo,Roriz,,Gracie Barra,https://www.bjjheroes.com/?p=6284
Alex,Paz,Negao,Emirates Team,https://www.bjjheroes.com/?p=6286
Faisal,Al Kitbe,,Emirates Team,https://www.bjjheroes.com/?p=6301
Emyr,Bussade,Shark,ATT,https://www.bjjheroes.com/?p=6311
Arnaldo,Maidana,,Checkmat,https://www.bjjheroes.com/?p=6337
Jason,Gagnon,,Alliance,https://www.bjjheroes.com/?p=6328
Evandro,Nunes,,Gracie Jiu Jitsu,https://www.bjjheroes.com/?p=6324
Marcel,Golcalves,,Fight Sports,https://www.bjjheroes.com/?p=6419
Leonardo,Dalla,Leo,Big Brothers,https://www.bjjheroes.com/?p=6403
Chris,Holdsworth,,,https://www.bjjheroes.com/?p=6395
Ruan,Oliveira,,Soul Fighters,https://www.bjjheroes.com/?p=6375
Brian,Mahecha,,ATT,https://www.bjjheroes.com/?p=6366
Pedro,Araujo,Pedrao,Gracie Barra,https://www.bjjheroes.com/?p=6359
Jonathan,Satava,,Alliance,https://www.bjjheroes.com/?p=6354
Alec,Baulding,,Alliance,https://www.bjjheroes.com/?p=6351
Henrique,Gama Filho,,ATT,https://www.bjjheroes.com/?p=6348
Pedro,Duarte,,,https://www.bjjheroes.com/?p=6342
Yan,Lucas,Pica Pau,Gracie Barra,https://www.bjjheroes.com/?p=6432
Pedro,Gama Filho,,,https://www.bjjheroes.com/?p=6447
Patricia,Fontes,Pati,Checkmat,https://www.bjjheroes.com/?p=6454
Amal,Easton,,Easton Training Centre,https://www.bjjheroes.com/?p=6481
Neiman,Gracie,,Renzo Gracie Academy,https://www.bjjheroes.com/?p=6483
Darson,Hemmings,,Gracie Humaita,https://www.bjjheroes.com/?p=6493
Regis,Lebre,,Gracie Humaita,https://www.bjjheroes.com/?p=6507
Egan,Inoue,,,https://www.bjjheroes.com/?p=6518
Kristina,Baarlan,,CTBJJA,https://www.bjjheroes.com/?p=6525
Bruno,Moreno,Alminha,Kimura / Nova Uniao,https://www.bjjheroes.com/?p=6528
James,Boran,,Boran BJJ,https://www.bjjheroes.com/?p=6535
Richard,Martinez,Richie,10th Planet,https://www.bjjheroes.com/?p=6531
Marcel,Fortuna,,Ralph Gracie JJ,https://www.bjjheroes.com/?p=6503
Francisco Pinto,Sa,Sazinho,SAS,https://www.bjjheroes.com/?p=6539
Ricardo,Velloso,Kiko,Carlson Gracie Academy,https://www.bjjheroes.com/?p=6545
Francisco,Iturralde,Sinistro,Alliance,https://www.bjjheroes.com/?p=6563
Dany,Gerard,,Atos,https://www.bjjheroes.com/?p=6592
Jhonny,Loureiro,,Alliance,https://www.bjjheroes.com/?p=6596
Luciana,Dias,Luka,Gracie Humaita,https://www.bjjheroes.com/?p=6618
Luciana,Mota,,Alliance,https://www.bjjheroes.com/?p=12788
Deborah,Gracie Stambovsky,,Gracie Sports,https://www.bjjheroes.com/?p=6641
Miguel Angel,Alderete,,Nova União,https://www.bjjheroes.com/?p=6674
Ryan,Gracie,,,https://www.bjjheroes.com/?p=6683
Carlos,Terrinha,,Gracie Barra,https://www.bjjheroes.com/?p=6686
Juarez,Soares,,Araruama Jiu Jitsu/DDR,https://www.bjjheroes.com/?p=6748
Rodrigo,Silva,Feijao,Nova União,https://www.bjjheroes.com/?p=6756
Tayane,Porfirio,,Alliance,https://www.bjjheroes.com/?p=6761
Fernanda,Mazzelli,,Strike Academy,https://www.bjjheroes.com/?p=6765
Adilson,Lima,Bitta,Academia Pitbull,https://www.bjjheroes.com/?p=6768
Jose Carlos,Lima,,GF Team,https://www.bjjheroes.com/?p=6801
Max,Gimenis,,GF Team,https://www.bjjheroes.com/?p=6805
Fernando,Andrade Reis,,Alliance,https://www.bjjheroes.com/?p=6825
Jared,Weiner,,BJJ United / Tac Team / Purebred,https://www.bjjheroes.com/?p=6833
Daniel,Alvarez,Danny,Alvarez BJJ / Bruno Bastos Association,https://www.bjjheroes.com/?p=6829
Vinicius,Canevari,Magoo,Magoo Jiu Jitsu,https://www.bjjheroes.com/?p=6976
Nathiely,de Jesus,,,https://www.bjjheroes.com/?p=7000
Jamil,Hill-Taylor,,Team Lloyd Irvin,https://www.bjjheroes.com/?p=7002
Stephen,Roberto,,Purebred,https://www.bjjheroes.com/?p=7009
Jack,McVicker,,McVicker's BJJ,https://www.bjjheroes.com/?p=7075
Ariadne,de Oliveira,,Equipe Mestre Wilson,https://www.bjjheroes.com/?p=7077
Carlos,Farias,,Roberto Traven BJJ,https://www.bjjheroes.com/?p=7079
Wagner,Mota,,Demian Maia Jiu Jitsu,https://www.bjjheroes.com/?p=7103
Talita,Alencar,,Alliance,https://www.bjjheroes.com/?p=7106
Muslim,Patsarigov,,RGA Norway,https://www.bjjheroes.com/?p=7111
Marcus,Antelante,,Soul Fighters,https://www.bjjheroes.com/?p=7114
Luiz,Tosta,Ceara,London Shootfighters,https://www.bjjheroes.com/?p=7123
Tiago,Bravo,,,https://www.bjjheroes.com/?p=7156
Cassio,Francis,Cassao,Gracie Barra/ Cassao,https://www.bjjheroes.com/?p=6792
Rodrigo,Pinheiro,,Rodrigo Pinheiro JJ,https://www.bjjheroes.com/?p=7201
Tiago,Pereira,,Ribeiro JJ,https://www.bjjheroes.com/?p=7171
Breno,Bittencourt,,Ares JJ,https://www.bjjheroes.com/?p=7143
Fabricio,Medeiros,Bicudo,,https://www.bjjheroes.com/?p=7140
Jan,Buatim,,NS Brotherhood,https://www.bjjheroes.com/?p=7256
Enrico,Cocco,,Fight Sports / Zen Jiu Jitsu,https://www.bjjheroes.com/?p=7247
Manuel,Diaz,Manny,,https://www.bjjheroes.com/?p=7231
Diogo,Almeida,,Almeida JJ,https://www.bjjheroes.com/?p=7224
Outi,Jarvilehto,,Brasa,https://www.bjjheroes.com/?p=7218
Andre,Ushirobira,,Ushirobira JJ,https://www.bjjheroes.com/?p=7282
Paulo,Caruso,,,https://www.bjjheroes.com/?p=7289
Mauricio,Pereira,Russo,Laerte Barcelos JJ,https://www.bjjheroes.com/?p=7329
Rolando,Delgado,Roli,,https://www.bjjheroes.com/?p=7352
Ilke,Bulut,,Icon JJ,https://www.bjjheroes.com/?p=7376
Manoel,Neto,,Team Focus,https://www.bjjheroes.com/?p=7396
Thamires,Aquino,,GF Team,https://www.bjjheroes.com/?p=7473
Kristian,Woodmansee,,Atos,https://www.bjjheroes.com/?p=7476
Paul,Ardila-Ibarra,,American Top Team (ATT),https://www.bjjheroes.com/?p=7502
Valdir,Canuto,Tio Chico,Zenith JJ,https://www.bjjheroes.com/?p=7505
Nakapan,Phungephorn,,BETA Academy,https://www.bjjheroes.com/?p=7512
Eliot,Kelly,,Yemaso JJ,https://www.bjjheroes.com/?p=7519
Mauricio,Pereira,Mauricao,Behring JJ,https://www.bjjheroes.com/?p=7556
Vinicius,Garcia,,,https://www.bjjheroes.com/?p=7636
