claim_id,student_person_id,student_name,promoter_person_id,teacher_name,claim_type,relationship_label,status,evidence_level,notes
bjj-hist_jacyntho_ferro-hist_maeda,hist_jacyntho_ferro,Jacyntho Ferro,hist_maeda,Mitsuyo Maeda,trained_under,Formado por,confirmed,high,"Um dos primeiros alunos de Maeda em Belem (a partir de 1915) promovido em 19/06/1920. Pesquisa documental de Robert Drysdale (projeto 'Closed Guard') identifica ele entre os 5 primeiros brasileiros comprovadamente promovidos por Maeda. Fontes: bjjee.com/articles/the-lost-legend-of-jacyntho-ferro, bjjheroes.com/interview/robert-drysdale-on-the-first-5-brazilians-promoted-by-mitsuyo-maeda"
bjj-hist_waldemar_lopes-hist_maeda,hist_waldemar_lopes,Waldemar Lopes,hist_maeda,Mitsuyo Maeda,trained_under,Formado por,confirmed,high,"Um dos 5 primeiros brasileiros comprovadamente promovidos por Maeda em Belem, segundo pesquisa documental de Robert Drysdale. Fonte: bjjheroes.com/interview/robert-drysdale-on-the-first-5-brazilians-promoted-by-mitsuyo-maeda"
bjj-hist_raphael_gomes-hist_maeda,hist_raphael_gomes,Raphael Gomes,hist_maeda,Mitsuyo Maeda,trained_under,Formado por,confirmed,high,"Um dos 5 primeiros brasileiros comprovadamente promovidos por Maeda em Belem, segundo pesquisa documental de Robert Drysdale. Fonte: bjjheroes.com/interview/robert-drysdale-on-the-first-5-brazilians-promoted-by-mitsuyo-maeda"
bjj-hist_guilherme_delarocque-hist_maeda,hist_guilherme_delarocque,Guilherme DelaRocque,hist_maeda,Mitsuyo Maeda,trained_under,Formado por,confirmed,high,"Um dos 5 primeiros brasileiros comprovadamente promovidos por Maeda em Belem, segundo pesquisa documental de Robert Drysdale. Fonte: bjjheroes.com/interview/robert-drysdale-on-the-first-5-brazilians-promoted-by-mitsuyo-maeda"
bjj-hist_matheus_pereira-hist_maeda,hist_matheus_pereira,Dr. Matheus Pereira,hist_maeda,Mitsuyo Maeda,trained_under,Formado por,confirmed,high,"Um dos 5 primeiros brasileiros comprovadamente promovidos por Maeda em Belem, segundo pesquisa documental de Robert Drysdale. Fonte: bjjheroes.com/interview/robert-drysdale-on-the-first-5-brazilians-promoted-by-mitsuyo-maeda"
bjj-hist_donato_pires-hist_jacyntho_ferro,hist_donato_pires,Donato Pires dos Reis,hist_jacyntho_ferro,Jacyntho Ferro,trained_under,Formado por,confirmed,medium,"Registrado como aluno de Jacyntho Ferro em junho de 1921. Reivindicou (sem confirmacao oficial) certificacao direta de Maeda. Abriu academia no Rio em set/1930 com Carlos e George Gracie como instrutores assistentes; Carlos/George assumiram a direcao em dez/1930, virando 'Academia Gracie' em out/1932. Fonte: simonbjj.com/donato-pires (cita O Globo, 08/09/1930)"
bjj-hist_carlos_sr-hist_jacyntho_ferro,hist_carlos_sr,Carlos Gracie Senior,hist_jacyntho_ferro,Jacyntho Ferro,trained_under,Relato alternativo (nao confirmado),pending_review,medium,"Jornal de 1921 identifica Carlos Gracie e Donato Pires dos Reis como 'alunos do Professor Jacyntho Ferro', nao alunos diretos de Maeda -- versao alternativa/disputada a narrativa tradicional de Maeda->Carlos, mantida como pendente de revisao, sem substituir o elo principal ja confirmado. Fonte: bjjee.com/articles/the-lost-legend-of-jacyntho-ferro"
bjj-hist_bianor_oliveira,hist_bianor_oliveira,Bianor Oliveira,,,trained_under,Sem professor confirmado,pending_review,low,"Especula-se que tenha treinado com Maeda, mas pesquisa de Robert Drysdale marca essa relacao como NAO verificada -- 'precisamos de mais evidencias antes de poder afirmar isso'. Adicionado sem elo de linhagem ate haver fonte primaria. Fonte: bjjheroes.com/interview/robert-drysdale-on-the-first-5-brazilians-promoted-by-mitsuyo-maeda"
bjj-hist_mario_aleixo,hist_mario_aleixo,Mario Aleixo,,,trained_under,Sem professor confirmado,pending_review,low,"Instrutor brasileiro independente, sem elo documentado com Maeda ou os Gracie -- aprendeu por livros traduzidos e possivelmente com Sada Miyako (nao verificavel). Rival da familia Gracie (perdeu luta pra George Gracie em 03/12/1931). Nao faz parte desta linhagem; adicionado como figura historica paralela. Fonte: simonbjj.com/mario-aleixo"
