person_id,full_name,reported_gender,entity_status,lineage_status,created_from,created_on
P-B93A743901,Erich Munis dos Santos,masculino,registro de atleta: identificado,sem promotor identificado,censo oficial IBJJF,2026-07-05
P-17BDF93936,Tainan Dalpra Costa,masculino,registro de atleta: identificado,sem promotor identificado,censo oficial IBJJF,2026-07-05
P-B81C66D956,Diego Oliveira Batista,masculino,registro de atleta: identificado,sem promotor identificado,censo oficial IBJJF,2026-07-05
P-38CD5C6ADB,Francisco Papasidero,masculino,registro de atleta: identificado,sem promotor identificado,censo oficial IBJJF,2026-07-05
P-D617EB4611,Vinicius Liberati,masculino,registro de atleta: identificado,sem promotor identificado,censo oficial IBJJF,2026-07-05
P-081E954739,Seif-Eddine Houmine,masculino,registro de atleta: identificado,sem promotor identificado,censo oficial IBJJF,2026-07-05
P-45B6504F3A,Alexandre Papa Manara,masculino,registro de atleta: identificado,sem promotor identificado,censo oficial IBJJF,2026-07-05
P-AB8F548777,Dayvison Lucas Miranda L. Calado,masculino,registro de atleta: identificado,sem promotor identificado,censo oficial IBJJF,2026-07-05
P-6E4FFCE11C,Michael Jalen B. Fonacier,masculino,registro de atleta: identificado,sem promotor identificado,censo oficial IBJJF,2026-07-05
P-8479E4C232,Enderson Dias de Almeida,masculino,registro de atleta: identificado,sem promotor identificado,censo oficial IBJJF,2026-07-05
P-B0C690D854,Cole Anthony Abate,masculino,registro de atleta: identificado,sem promotor identificado,censo oficial IBJJF,2026-07-05
P-77A1C6D466,Jansen Gomes Ramos,masculino,registro de atleta: identificado,sem promotor identificado,censo oficial IBJJF,2026-07-05
P-F2911B21F3,Rider Zuchi Samelo do Amaral,masculino,registro de atleta: identificado,sem promotor identificado,censo oficial IBJJF,2026-07-05
P-76C0AB052E,Matheus Gabriel Pinheiro Barros,masculino,registro de atleta: identificado,sem promotor identificado,censo oficial IBJJF,2026-07-05
P-07E1749BE7,Marcus Vinicius Ribeiro de Siqueira,masculino,registro de atleta: identificado,sem promotor identificado,censo oficial IBJJF,2026-07-05
P-7C83A1EBE5,Gabriel de Sousa Ribeiro,masculino,registro de atleta: identificado,sem promotor identificado,censo oficial IBJJF,2026-07-05
P-D20FF0F282,Luiz Victor Gregoriano Pinto Maxnuk,masculino,registro de atleta: identificado,sem promotor identificado,censo oficial IBJJF,2026-07-05
P-3BB4AE1545,Luis Fernando de Oliveira,masculino,registro de atleta: identificado,sem promotor identificado,censo oficial IBJJF,2026-07-05
P-EF572619D0,Adam Piotr Wardzinski,masculino,registro de atleta: identificado,sem promotor identificado,censo oficial IBJJF,2026-07-05
P-5E274D4B46,Gutemberg de Jesus Santos Pereira,masculino,registro de atleta: identificado,sem promotor identificado,censo oficial IBJJF,2026-07-05
P-B82D12DC34,Helder Jose Rodrigues Júnior,masculino,registro de atleta: identificado,sem promotor identificado,censo oficial IBJJF,2026-07-05
P-426893B1D5,Andy Tomas Murasaki Pereira,masculino,registro de atleta: identificado,sem promotor identificado,censo oficial IBJJF,2026-07-05
P-282F189BB0,Leonardo Silveira Ferreira,masculino,registro de atleta: identificado,sem promotor identificado,censo oficial IBJJF,2026-07-05
P-92B82F7D67,Tarcisio Damasceno Santos,masculino,registro de atleta: identificado,sem promotor identificado,censo oficial IBJJF,2026-07-05
P-B00629D7E0,Nolan Patrick Braga Stuart,masculino,registro de atleta: identificado,sem promotor identificado,censo oficial IBJJF,2026-07-05
P-9AB1445D9B,Ethan Roy Major,masculino,registro de atleta: identificado,sem promotor identificado,censo oficial IBJJF,2026-07-05
P-D93B1468AD,Uanderson Ferreira de Oliveira,masculino,registro de atleta: identificado,sem promotor identificado,censo oficial IBJJF,2026-07-05
P-B7A5D3B74B,João Gabriel Galvão da Silva,masculino,registro de atleta: identificado,sem promotor identificado,censo oficial IBJJF,2026-07-05
P-BD227BC8FF,Pablo Lavaselli,masculino,registro de atleta: identificado,sem promotor identificado,censo oficial IBJJF,2026-07-05
P-136B8222B5,Jackson Nagai Hatchwell Junior,masculino,registro de atleta: identificado,sem promotor identificado,censo oficial IBJJF,2026-07-05
P-3BD96FC61D,Gabriel Cardoso Amorim,masculino,registro de atleta: identificado,sem promotor identificado,censo oficial IBJJF,2026-07-05
P-F5CBF048BC,Meyram Maquiné Alves,masculino,registro de atleta: identificado,sem promotor identificado,censo oficial IBJJF,2026-07-05
P-257DFC4525,Samuel A. Nagai Hatchwell,masculino,registro de atleta: identificado,sem promotor identificado,censo oficial IBJJF,2026-07-05
P-B21F0B2CD2,Kjetil Hope Lydvo,masculino,registro de atleta: identificado,sem promotor identificado,censo oficial IBJJF,2026-07-05
P-C063B72264,Luiz Felipe Assis dos Santos,masculino,registro de atleta: identificado,sem promotor identificado,censo oficial IBJJF,2026-07-05
P-32E964D2C4,Marcos Antonio Gomes Guedes,masculino,registro de atleta: identificado,sem promotor identificado,censo oficial IBJJF,2026-07-05
P-85DEB2A989,Eduardo de Araujo Roque,masculino,registro de atleta: identificado,sem promotor identificado,censo oficial IBJJF,2026-07-05
P-C186EA66C2,Carlos Alberto Castro de Araújo Neto,masculino,registro de atleta: identificado,sem promotor identificado,censo oficial IBJJF,2026-07-05
P-F3ACCDDB25,Fabricio Jose Barbarotti,masculino,registro de atleta: identificado,sem promotor identificado,censo oficial IBJJF,2026-07-05
P-7442223468,Ademir Barreto de Araújo,masculino,registro de atleta: identificado,sem promotor identificado,censo oficial IBJJF,2026-07-05
P-3584CFDFB9,Yan Lucas Cordeiro Paiva,masculino,registro de atleta: identificado,sem promotor identificado,censo oficial IBJJF,2026-07-05
P-85236EAB05,Windson Alves de Oliveira Torres,masculino,registro de atleta: identificado,sem promotor identificado,censo oficial IBJJF,2026-07-05
P-C5B4FA9DC8,William James Wilson,masculino,registro de atleta: identificado,sem promotor identificado,censo oficial IBJJF,2026-07-05
P-49B04619C8,João Pedro Bueno Mendes,masculino,registro de atleta: identificado,sem promotor identificado,censo oficial IBJJF,2026-07-05
P-C6D75967AB,Wallisson Oliveira Souza,masculino,registro de atleta: identificado,sem promotor identificado,censo oficial IBJJF,2026-07-05
P-4B4D7256BA,Rerisson dos Santos Gabriel,masculino,registro de atleta: identificado,sem promotor identificado,censo oficial IBJJF,2026-07-05
P-84285E7FDC,Sebastian Ernesto Serpa,masculino,registro de atleta: identificado,sem promotor identificado,censo oficial IBJJF,2026-07-05
P-119DA4473D,Guilherme Rodrigues Fernandes,masculino,registro de atleta: identificado,sem promotor identificado,censo oficial IBJJF,2026-07-05
P-04C0280CD3,Arthan Bandeira Silva Barcellos,masculino,registro de atleta: identificado,sem promotor identificado,censo oficial IBJJF,2026-07-05
P-FD07745122,Guilherme Guimaraes Borges Olimpio Rocha,masculino,registro de atleta: identificado,sem promotor identificado,censo oficial IBJJF,2026-07-05
P-19A3880C18,Gabrieli Pessanha de Souza Marinho,feminino,registro de atleta: identificado,sem promotor identificado,censo oficial IBJJF,2026-07-05
P-122DF0F356,Larissa Dias de Almeida,feminino,registro de atleta: identificado,sem promotor identificado,censo oficial IBJJF,2026-07-05
P-CEB556A565,Sarah C. Firme Galvao,feminino,registro de atleta: identificado,sem promotor identificado,censo oficial IBJJF,2026-07-05
P-B8A6609A25,Mayssa Caldas Pereira Bastos,feminino,registro de atleta: identificado,sem promotor identificado,censo oficial IBJJF,2026-07-05
P-4964218F10,Janaina Maia de Menezes,feminino,registro de atleta: identificado,sem promotor identificado,censo oficial IBJJF,2026-07-05
P-4B248C632B,Ashlee Funegra,feminino,registro de atleta: identificado,sem promotor identificado,censo oficial IBJJF,2026-07-05
P-0C49D4E91A,Tayane Porfírio de Araújo,feminino,registro de atleta: identificado,sem promotor identificado,censo oficial IBJJF,2026-07-05
P-32916A5AF0,Yara Soares do Nascimento,feminino,registro de atleta: identificado,sem promotor identificado,censo oficial IBJJF,2026-07-05
P-9F11F01914,Marina Carraro Penedo,feminino,registro de atleta: identificado,sem promotor identificado,censo oficial IBJJF,2026-07-05
P-4675B56260,Thamara Ferreira Silva,feminino,registro de atleta: identificado,sem promotor identificado,censo oficial IBJJF,2026-07-05
P-DDB86E6E85,Amanda Magda de Oliveira,feminino,registro de atleta: identificado,sem promotor identificado,censo oficial IBJJF,2026-07-05
P-34D4518CCA,Maria Luiza Nunes Pinto,feminino,registro de atleta: identificado,sem promotor identificado,censo oficial IBJJF,2026-07-05
P-A7B3733A22,Lillian Jane Marchand,feminino,registro de atleta: identificado,sem promotor identificado,censo oficial IBJJF,2026-07-05
P-04E64BF228,Jessica Caroline Coelho Dantas,feminino,registro de atleta: identificado,sem promotor identificado,censo oficial IBJJF,2026-07-05
P-F38EC4B288,Mariana Cabral Rolszt,feminino,registro de atleta: identificado,sem promotor identificado,censo oficial IBJJF,2026-07-05
P-C626E2F283,Ingridd Alves de Sousa,feminino,registro de atleta: identificado,sem promotor identificado,censo oficial IBJJF,2026-07-05
P-14FB0D5355,Elisabeth Ann Clay,feminino,registro de atleta: identificado,sem promotor identificado,censo oficial IBJJF,2026-07-05
P-DE7EEF0F14,Melissa Stricker Cueto,feminino,registro de atleta: identificado,sem promotor identificado,censo oficial IBJJF,2026-07-05
P-1B2726C256,Maria Carolina Barón Vicentini,feminino,registro de atleta: identificado,sem promotor identificado,censo oficial IBJJF,2026-07-05
P-282E0CB7F5,Sabrina Rogéria Ataide B. Gondim,feminino,registro de atleta: identificado,sem promotor identificado,censo oficial IBJJF,2026-07-05
P-3A366CE44C,Aghata Adriane Rabelo Fernandes,feminino,registro de atleta: identificado,sem promotor identificado,censo oficial IBJJF,2026-07-05
P-0863BF4B0F,Vitória Damiana Silva de Assis,feminino,registro de atleta: identificado,sem promotor identificado,censo oficial IBJJF,2026-07-05
P-8BA80EED6A,Karoline Silva Caramori,feminino,registro de atleta: identificado,sem promotor identificado,censo oficial IBJJF,2026-07-05
P-269A26A1D9,Larissa Campos Carvalho,feminino,registro de atleta: identificado,sem promotor identificado,censo oficial IBJJF,2026-07-05
P-1599542AE2,Yasmyn Castro,feminino,registro de atleta: identificado,sem promotor identificado,censo oficial IBJJF,2026-07-05
P-72F24A544E,Thaís Loureiro Felipe,feminino,registro de atleta: identificado,sem promotor identificado,censo oficial IBJJF,2026-07-05
P-D3073BA784,Thaynara Victoria Soares da Silva,feminino,registro de atleta: identificado,sem promotor identificado,censo oficial IBJJF,2026-07-05
P-80463AB749,Denise Krahn,feminino,registro de atleta: identificado,sem promotor identificado,censo oficial IBJJF,2026-07-05
P-7A35BEAC3B,Giovanah Oliveira da Silva,feminino,registro de atleta: identificado,sem promotor identificado,censo oficial IBJJF,2026-07-05
P-CDA4949E50,Kamilla Kelly de Souza,feminino,registro de atleta: identificado,sem promotor identificado,censo oficial IBJJF,2026-07-05
P-81EFC80345,Larissa Martins dos Santos,feminino,registro de atleta: identificado,sem promotor identificado,censo oficial IBJJF,2026-07-05
P-C9F333C721,Gislayne de Oliveira Ramos,feminino,registro de atleta: identificado,sem promotor identificado,censo oficial IBJJF,2026-07-05
P-CFB73E9C70,Beatriz Martins de Mendonça,feminino,registro de atleta: identificado,sem promotor identificado,censo oficial IBJJF,2026-07-05
P-A20A45C082,Andressa Nogueira Tolentino Guirau,feminino,registro de atleta: identificado,sem promotor identificado,censo oficial IBJJF,2026-07-05
P-C842F355C8,Cassia Moura Remesar,feminino,registro de atleta: identificado,sem promotor identificado,censo oficial IBJJF,2026-07-05
P-33E7F3BB04,Olivia Evelyn Schauer,feminino,registro de atleta: identificado,sem promotor identificado,censo oficial IBJJF,2026-07-05
P-0C15C27538,Elizabeth Katherine Mitrovic,feminino,registro de atleta: identificado,sem promotor identificado,censo oficial IBJJF,2026-07-05
P-5B2CB35BBC,Emily Elizabeth Ferreira,feminino,registro de atleta: identificado,sem promotor identificado,censo oficial IBJJF,2026-07-05
P-39FA819931,Natacha Amanda Ribeiro da Silva,feminino,registro de atleta: identificado,sem promotor identificado,censo oficial IBJJF,2026-07-05
P-5315AF0D80,Giovanna Xavier Carneiro,feminino,registro de atleta: identificado,sem promotor identificado,censo oficial IBJJF,2026-07-05
P-3A6A9355A5,Natália Zumba de Souza,feminino,registro de atleta: identificado,sem promotor identificado,censo oficial IBJJF,2026-07-05
P-92C9A02F64,Tamiris Fernanda da Silva,feminino,registro de atleta: identificado,sem promotor identificado,censo oficial IBJJF,2026-07-05
P-9DA7F1CD86,Ana Carolina de Andrade Lima Soares da Silva,feminino,registro de atleta: identificado,sem promotor identificado,censo oficial IBJJF,2026-07-05
P-BD0754DD6B,Josefine Beatrice Modig,feminino,registro de atleta: identificado,sem promotor identificado,censo oficial IBJJF,2026-07-05
P-30543AF452,Abbie Marie O'toole,feminino,registro de atleta: identificado,sem promotor identificado,censo oficial IBJJF,2026-07-05
P-4888A7EBF7,Gisele Constante Menezes Tavares,feminino,registro de atleta: identificado,sem promotor identificado,censo oficial IBJJF,2026-07-05
P-72CF4130D1,Giovanna Parmisano Leite,feminino,registro de atleta: identificado,sem promotor identificado,censo oficial IBJJF,2026-07-05
P-03F07FB129,Suellen Lima de Souza,feminino,registro de atleta: identificado,sem promotor identificado,censo oficial IBJJF,2026-07-05
P-0DC0595DAC,Isabely Sanches Ribeiro,feminino,registro de atleta: identificado,sem promotor identificado,censo oficial IBJJF,2026-07-05
P-DEA6D4A674,Adele Marie Fornarino,feminino,registro de atleta: identificado,sem promotor identificado,censo oficial IBJJF,2026-07-05
