observation_id,person_id,source_id,source_url,entity,observation_type,belt_reported,division,discipline,gender,ranking_position_display,points,organization_name_as_reported,source_last_update,captured_on,verification_label,lineage_status,notes
OBS-12030F2249A4,P-B93A743901,SRC-IBJJF-ADULT-BLACK-GI-M-P1,https://ibjjf.com/2026-athletes-ranking?filters%5Bage_division%5D=adult&filters%5Bbelt%5D=black&filters%5Bgender%5D=male&filters%5Bs%5D=ranking-geral-gi,IBJJF,ranking oficial,preta,adulto,gi,masculino,1,1100.0,Soldiers Jiu-Jitsu,2026-07-01,2026-07-05,observação competitiva oficial,não inferir a partir do ranking,"A fonte registra nome, faixa/filtro, equipe e pontos; não registra quem concedeu a faixa-preta."
OBS-B05C22685311,P-17BDF93936,SRC-IBJJF-ADULT-BLACK-GI-M-P1,https://ibjjf.com/2026-athletes-ranking?filters%5Bage_division%5D=adult&filters%5Bbelt%5D=black&filters%5Bgender%5D=male&filters%5Bs%5D=ranking-geral-gi,IBJJF,ranking oficial,preta,adulto,gi,masculino,2,666.0,AOJ,2026-07-01,2026-07-05,observação competitiva oficial,não inferir a partir do ranking,"A fonte registra nome, faixa/filtro, equipe e pontos; não registra quem concedeu a faixa-preta."
OBS-A8BBE847A959,P-B81C66D956,SRC-IBJJF-ADULT-BLACK-GI-M-P1,https://ibjjf.com/2026-athletes-ranking?filters%5Bage_division%5D=adult&filters%5Bbelt%5D=black&filters%5Bgender%5D=male&filters%5Bs%5D=ranking-geral-gi,IBJJF,ranking oficial,preta,adulto,gi,masculino,3,654.0,AOJ,2026-07-01,2026-07-05,observação competitiva oficial,não inferir a partir do ranking,"A fonte registra nome, faixa/filtro, equipe e pontos; não registra quem concedeu a faixa-preta."
OBS-B4A7A8629737,P-38CD5C6ADB,SRC-IBJJF-ADULT-BLACK-GI-M-P1,https://ibjjf.com/2026-athletes-ranking?filters%5Bage_division%5D=adult&filters%5Bbelt%5D=black&filters%5Bgender%5D=male&filters%5Bs%5D=ranking-geral-gi,IBJJF,ranking oficial,preta,adulto,gi,masculino,4,651.5,AOJ,2026-07-01,2026-07-05,observação competitiva oficial,não inferir a partir do ranking,"A fonte registra nome, faixa/filtro, equipe e pontos; não registra quem concedeu a faixa-preta."
OBS-360F6FBA9387,P-D617EB4611,SRC-IBJJF-ADULT-BLACK-GI-M-P1,https://ibjjf.com/2026-athletes-ranking?filters%5Bage_division%5D=adult&filters%5Bbelt%5D=black&filters%5Bgender%5D=male&filters%5Bs%5D=ranking-geral-gi,IBJJF,ranking oficial,preta,adulto,gi,masculino,5,558.5,Soldiers Jiu-Jitsu,2026-07-01,2026-07-05,observação competitiva oficial,não inferir a partir do ranking,"A fonte registra nome, faixa/filtro, equipe e pontos; não registra quem concedeu a faixa-preta."
OBS-9F5BEE711B3C,P-081E954739,SRC-IBJJF-ADULT-BLACK-GI-M-P1,https://ibjjf.com/2026-athletes-ranking?filters%5Bage_division%5D=adult&filters%5Bbelt%5D=black&filters%5Bgender%5D=male&filters%5Bs%5D=ranking-geral-gi,IBJJF,ranking oficial,preta,adulto,gi,masculino,6,494.0,GF Team France,2026-07-01,2026-07-05,observação competitiva oficial,não inferir a partir do ranking,"A fonte registra nome, faixa/filtro, equipe e pontos; não registra quem concedeu a faixa-preta."
OBS-945304932F24,P-45B6504F3A,SRC-IBJJF-ADULT-BLACK-GI-M-P1,https://ibjjf.com/2026-athletes-ranking?filters%5Bage_division%5D=adult&filters%5Bbelt%5D=black&filters%5Bgender%5D=male&filters%5Bs%5D=ranking-geral-gi,IBJJF,ranking oficial,preta,adulto,gi,masculino,7,477.0,Lotus Club,2026-07-01,2026-07-05,observação competitiva oficial,não inferir a partir do ranking,"A fonte registra nome, faixa/filtro, equipe e pontos; não registra quem concedeu a faixa-preta."
OBS-564E88DB69B6,P-AB8F548777,SRC-IBJJF-ADULT-BLACK-GI-M-P1,https://ibjjf.com/2026-athletes-ranking?filters%5Bage_division%5D=adult&filters%5Bbelt%5D=black&filters%5Bgender%5D=male&filters%5Bs%5D=ranking-geral-gi,IBJJF,ranking oficial,preta,adulto,gi,masculino,8,473.0,ZR Team Pernambuco,2026-07-01,2026-07-05,observação competitiva oficial,não inferir a partir do ranking,"A fonte registra nome, faixa/filtro, equipe e pontos; não registra quem concedeu a faixa-preta."
OBS-2DC25559683F,P-6E4FFCE11C,SRC-IBJJF-ADULT-BLACK-GI-M-P1,https://ibjjf.com/2026-athletes-ranking?filters%5Bage_division%5D=adult&filters%5Bbelt%5D=black&filters%5Bgender%5D=male&filters%5Bs%5D=ranking-geral-gi,IBJJF,ranking oficial,preta,adulto,gi,masculino,9,444.0,Alliance Los Angeles,2026-07-01,2026-07-05,observação competitiva oficial,não inferir a partir do ranking,"A fonte registra nome, faixa/filtro, equipe e pontos; não registra quem concedeu a faixa-preta."
OBS-D52926C9D0E6,P-8479E4C232,SRC-IBJJF-ADULT-BLACK-GI-M-P1,https://ibjjf.com/2026-athletes-ranking?filters%5Bage_division%5D=adult&filters%5Bbelt%5D=black&filters%5Bgender%5D=male&filters%5Bs%5D=ranking-geral-gi,IBJJF,ranking oficial,preta,adulto,gi,masculino,10,415.0,Elementum Jiu-Jitsu,2026-07-01,2026-07-05,observação competitiva oficial,não inferir a partir do ranking,"A fonte registra nome, faixa/filtro, equipe e pontos; não registra quem concedeu a faixa-preta."
OBS-787CE4A830E5,P-B0C690D854,SRC-IBJJF-ADULT-BLACK-GI-M-P2,https://ibjjf.com/2026-athletes-ranking?filters%5Bage_division%5D=adult&filters%5Bbelt%5D=black&filters%5Bgender%5D=male&filters%5Bs%5D=ranking-geral-gi&page=2,IBJJF,ranking oficial,preta,adulto,gi,masculino,11,413.0,AOJ,2026-07-01,2026-07-05,observação competitiva oficial,não inferir a partir do ranking,"A fonte registra nome, faixa/filtro, equipe e pontos; não registra quem concedeu a faixa-preta."
OBS-3BA1948467BD,P-77A1C6D466,SRC-IBJJF-ADULT-BLACK-GI-M-P2,https://ibjjf.com/2026-athletes-ranking?filters%5Bage_division%5D=adult&filters%5Bbelt%5D=black&filters%5Bgender%5D=male&filters%5Bs%5D=ranking-geral-gi&page=2,IBJJF,ranking oficial,preta,adulto,gi,masculino,12,412.5,CheckMat,2026-07-01,2026-07-05,observação competitiva oficial,não inferir a partir do ranking,"A fonte registra nome, faixa/filtro, equipe e pontos; não registra quem concedeu a faixa-preta."
OBS-129B0E5A83F8,P-F2911B21F3,SRC-IBJJF-ADULT-BLACK-GI-M-P2,https://ibjjf.com/2026-athletes-ranking?filters%5Bage_division%5D=adult&filters%5Bbelt%5D=black&filters%5Bgender%5D=male&filters%5Bs%5D=ranking-geral-gi&page=2,IBJJF,ranking oficial,preta,adulto,gi,masculino,13,409.0,Team 6 BJJ,2026-07-01,2026-07-05,observação competitiva oficial,não inferir a partir do ranking,"A fonte registra nome, faixa/filtro, equipe e pontos; não registra quem concedeu a faixa-preta."
OBS-F3D69C6777B3,P-76C0AB052E,SRC-IBJJF-ADULT-BLACK-GI-M-P2,https://ibjjf.com/2026-athletes-ranking?filters%5Bage_division%5D=adult&filters%5Bbelt%5D=black&filters%5Bgender%5D=male&filters%5Bs%5D=ranking-geral-gi&page=2,IBJJF,ranking oficial,preta,adulto,gi,masculino,14,391.0,Inevat Brazilian Jiu-Jitsu,2026-07-01,2026-07-05,observação competitiva oficial,não inferir a partir do ranking,"A fonte registra nome, faixa/filtro, equipe e pontos; não registra quem concedeu a faixa-preta."
OBS-2672533D5BAA,P-07E1749BE7,SRC-IBJJF-ADULT-BLACK-GI-M-P2,https://ibjjf.com/2026-athletes-ranking?filters%5Bage_division%5D=adult&filters%5Bbelt%5D=black&filters%5Bgender%5D=male&filters%5Bs%5D=ranking-geral-gi&page=2,IBJJF,ranking oficial,preta,adulto,gi,masculino,15,386.0,Alliance SP,2026-07-01,2026-07-05,observação competitiva oficial,não inferir a partir do ranking,"A fonte registra nome, faixa/filtro, equipe e pontos; não registra quem concedeu a faixa-preta."
OBS-A3F4C536E4AB,P-7C83A1EBE5,SRC-IBJJF-ADULT-BLACK-GI-M-P2,https://ibjjf.com/2026-athletes-ranking?filters%5Bage_division%5D=adult&filters%5Bbelt%5D=black&filters%5Bgender%5D=male&filters%5Bs%5D=ranking-geral-gi&page=2,IBJJF,ranking oficial,preta,adulto,gi,masculino,16,348.5,Soldiers Jiu-Jitsu,2026-07-01,2026-07-05,observação competitiva oficial,não inferir a partir do ranking,"A fonte registra nome, faixa/filtro, equipe e pontos; não registra quem concedeu a faixa-preta."
OBS-C02E4B22CF5E,P-D20FF0F282,SRC-IBJJF-ADULT-BLACK-GI-M-P2,https://ibjjf.com/2026-athletes-ranking?filters%5Bage_division%5D=adult&filters%5Bbelt%5D=black&filters%5Bgender%5D=male&filters%5Bs%5D=ranking-geral-gi&page=2,IBJJF,ranking oficial,preta,adulto,gi,masculino,17,342.0,Marcio Andre Jiu-Jitsu Brasil,2026-07-01,2026-07-05,observação competitiva oficial,não inferir a partir do ranking,"A fonte registra nome, faixa/filtro, equipe e pontos; não registra quem concedeu a faixa-preta."
OBS-2B4708001A9C,P-3BB4AE1545,SRC-IBJJF-ADULT-BLACK-GI-M-P2,https://ibjjf.com/2026-athletes-ranking?filters%5Bage_division%5D=adult&filters%5Bbelt%5D=black&filters%5Bgender%5D=male&filters%5Bs%5D=ranking-geral-gi&page=2,IBJJF,ranking oficial,preta,adulto,gi,masculino,18,330.0,Team 6 BJJ,2026-07-01,2026-07-05,observação competitiva oficial,não inferir a partir do ranking,"A fonte registra nome, faixa/filtro, equipe e pontos; não registra quem concedeu a faixa-preta."
OBS-2EE9F6148EC3,P-EF572619D0,SRC-IBJJF-ADULT-BLACK-GI-M-P2,https://ibjjf.com/2026-athletes-ranking?filters%5Bage_division%5D=adult&filters%5Bbelt%5D=black&filters%5Bgender%5D=male&filters%5Bs%5D=ranking-geral-gi&page=2,IBJJF,ranking oficial,preta,adulto,gi,masculino,19,324.0,CheckMat International,2026-07-01,2026-07-05,observação competitiva oficial,não inferir a partir do ranking,"A fonte registra nome, faixa/filtro, equipe e pontos; não registra quem concedeu a faixa-preta."
OBS-0A99A9630CB6,P-5E274D4B46,SRC-IBJJF-ADULT-BLACK-GI-M-P2,https://ibjjf.com/2026-athletes-ranking?filters%5Bage_division%5D=adult&filters%5Bbelt%5D=black&filters%5Bgender%5D=male&filters%5Bs%5D=ranking-geral-gi&page=2,IBJJF,ranking oficial,preta,adulto,gi,masculino,20,304.5,CheckMat USA,2026-07-01,2026-07-05,observação competitiva oficial,não inferir a partir do ranking,"A fonte registra nome, faixa/filtro, equipe e pontos; não registra quem concedeu a faixa-preta."
OBS-75F95ECAD1B5,P-B82D12DC34,SRC-IBJJF-ADULT-BLACK-GI-M-P3,https://ibjjf.com/2026-athletes-ranking?filters%5Bage_division%5D=adult&filters%5Bbelt%5D=black&filters%5Bgender%5D=male&filters%5Bs%5D=ranking-geral-gi&page=3,IBJJF,ranking oficial,preta,adulto,gi,masculino,21,299.5,Atos Jiu Jitsu USA,2026-07-01,2026-07-05,observação competitiva oficial,não inferir a partir do ranking,"A fonte registra nome, faixa/filtro, equipe e pontos; não registra quem concedeu a faixa-preta."
OBS-0CBF83EB31BE,P-426893B1D5,SRC-IBJJF-ADULT-BLACK-GI-M-P3,https://ibjjf.com/2026-athletes-ranking?filters%5Bage_division%5D=adult&filters%5Bbelt%5D=black&filters%5Bgender%5D=male&filters%5Bs%5D=ranking-geral-gi&page=3,IBJJF,ranking oficial,preta,adulto,gi,masculino,22,294.0,AOJ,2026-07-01,2026-07-05,observação competitiva oficial,não inferir a partir do ranking,"A fonte registra nome, faixa/filtro, equipe e pontos; não registra quem concedeu a faixa-preta."
OBS-2C438BC03765,P-282F189BB0,SRC-IBJJF-ADULT-BLACK-GI-M-P3,https://ibjjf.com/2026-athletes-ranking?filters%5Bage_division%5D=adult&filters%5Bbelt%5D=black&filters%5Bgender%5D=male&filters%5Bs%5D=ranking-geral-gi&page=3,IBJJF,ranking oficial,preta,adulto,gi,masculino,23,292.5,Alliance Porto Alegre,2026-07-01,2026-07-05,observação competitiva oficial,não inferir a partir do ranking,"A fonte registra nome, faixa/filtro, equipe e pontos; não registra quem concedeu a faixa-preta."
OBS-D307655E877E,P-92B82F7D67,SRC-IBJJF-ADULT-BLACK-GI-M-P3,https://ibjjf.com/2026-athletes-ranking?filters%5Bage_division%5D=adult&filters%5Bbelt%5D=black&filters%5Bgender%5D=male&filters%5Bs%5D=ranking-geral-gi&page=3,IBJJF,ranking oficial,preta,adulto,gi,masculino,24,288.0,Marcio Andre Jiu-Jitsu,2026-07-01,2026-07-05,observação competitiva oficial,não inferir a partir do ranking,"A fonte registra nome, faixa/filtro, equipe e pontos; não registra quem concedeu a faixa-preta."
OBS-458E939CEE7F,P-B00629D7E0,SRC-IBJJF-ADULT-BLACK-GI-M-P3,https://ibjjf.com/2026-athletes-ranking?filters%5Bage_division%5D=adult&filters%5Bbelt%5D=black&filters%5Bgender%5D=male&filters%5Bs%5D=ranking-geral-gi&page=3,IBJJF,ranking oficial,preta,adulto,gi,masculino,25,268.0,Brea Jiu-Jitsu,2026-07-01,2026-07-05,observação competitiva oficial,não inferir a partir do ranking,"A fonte registra nome, faixa/filtro, equipe e pontos; não registra quem concedeu a faixa-preta."
OBS-7E48068DE51B,P-9AB1445D9B,SRC-IBJJF-ADULT-BLACK-GI-M-P3,https://ibjjf.com/2026-athletes-ranking?filters%5Bage_division%5D=adult&filters%5Bbelt%5D=black&filters%5Bgender%5D=male&filters%5Bs%5D=ranking-geral-gi&page=3,IBJJF,ranking oficial,preta,adulto,gi,masculino,26,254.5,Toronto BJJ,2026-07-01,2026-07-05,observação competitiva oficial,não inferir a partir do ranking,"A fonte registra nome, faixa/filtro, equipe e pontos; não registra quem concedeu a faixa-preta."
OBS-79E425DCD821,P-D93B1468AD,SRC-IBJJF-ADULT-BLACK-GI-M-P3,https://ibjjf.com/2026-athletes-ranking?filters%5Bage_division%5D=adult&filters%5Bbelt%5D=black&filters%5Bgender%5D=male&filters%5Bs%5D=ranking-geral-gi&page=3,IBJJF,ranking oficial,preta,adulto,gi,masculino,27,232.0,Carreira Team International Uk,2026-07-01,2026-07-05,observação competitiva oficial,não inferir a partir do ranking,"A fonte registra nome, faixa/filtro, equipe e pontos; não registra quem concedeu a faixa-preta."
OBS-8C848B6FDA67,P-B7A5D3B74B,SRC-IBJJF-ADULT-BLACK-GI-M-P3,https://ibjjf.com/2026-athletes-ranking?filters%5Bage_division%5D=adult&filters%5Bbelt%5D=black&filters%5Bgender%5D=male&filters%5Bs%5D=ranking-geral-gi&page=3,IBJJF,ranking oficial,preta,adulto,gi,masculino,28,214.0,Soldiers Jiu-Jitsu,2026-07-01,2026-07-05,observação competitiva oficial,não inferir a partir do ranking,"A fonte registra nome, faixa/filtro, equipe e pontos; não registra quem concedeu a faixa-preta."
OBS-8EDFA8A924FA,P-BD227BC8FF,SRC-IBJJF-ADULT-BLACK-GI-M-P3,https://ibjjf.com/2026-athletes-ranking?filters%5Bage_division%5D=adult&filters%5Bbelt%5D=black&filters%5Bgender%5D=male&filters%5Bs%5D=ranking-geral-gi&page=3,IBJJF,ranking oficial,preta,adulto,gi,masculino,29,212.0,AOJ,2026-07-01,2026-07-05,observação competitiva oficial,não inferir a partir do ranking,"A fonte registra nome, faixa/filtro, equipe e pontos; não registra quem concedeu a faixa-preta."
OBS-B560FD234774,P-136B8222B5,SRC-IBJJF-ADULT-BLACK-GI-M-P3,https://ibjjf.com/2026-athletes-ranking?filters%5Bage_division%5D=adult&filters%5Bbelt%5D=black&filters%5Bgender%5D=male&filters%5Bs%5D=ranking-geral-gi&page=3,IBJJF,ranking oficial,preta,adulto,gi,masculino,30,210.0,Inevat Brazilian Jiu-Jitsu,2026-07-01,2026-07-05,observação competitiva oficial,não inferir a partir do ranking,"A fonte registra nome, faixa/filtro, equipe e pontos; não registra quem concedeu a faixa-preta."
OBS-46144AD750F2,P-3BD96FC61D,SRC-IBJJF-ADULT-BLACK-GI-M-P4,https://ibjjf.com/2026-athletes-ranking?filters%5Bage_division%5D=adult&filters%5Bbelt%5D=black&filters%5Bgender%5D=male&filters%5Bs%5D=ranking-geral-gi&page=4,IBJJF,ranking oficial,preta,adulto,gi,masculino,31,206.0,Six Blades Jiu-Jitsu Fort Worth - Team Marra,2026-06-17,2026-07-05,observação competitiva oficial,não inferir a partir do ranking,"A fonte registra nome, faixa/filtro, equipe e pontos; não registra quem concedeu a faixa-preta."
OBS-4F3BAD0896B3,P-F5CBF048BC,SRC-IBJJF-ADULT-BLACK-GI-M-P4,https://ibjjf.com/2026-athletes-ranking?filters%5Bage_division%5D=adult&filters%5Bbelt%5D=black&filters%5Bgender%5D=male&filters%5Bs%5D=ranking-geral-gi&page=4,IBJJF,ranking oficial,preta,adulto,gi,masculino,32,205.5,Soldiers Jiu-Jitsu,2026-06-17,2026-07-05,observação competitiva oficial,não inferir a partir do ranking,"A fonte registra nome, faixa/filtro, equipe e pontos; não registra quem concedeu a faixa-preta."
OBS-E6D8DF2B357E,P-257DFC4525,SRC-IBJJF-ADULT-BLACK-GI-M-P4,https://ibjjf.com/2026-athletes-ranking?filters%5Bage_division%5D=adult&filters%5Bbelt%5D=black&filters%5Bgender%5D=male&filters%5Bs%5D=ranking-geral-gi&page=4,IBJJF,ranking oficial,preta,adulto,gi,masculino,33,202.5,Inevat Brazilian Jiu-Jitsu,2026-06-17,2026-07-05,observação competitiva oficial,não inferir a partir do ranking,"A fonte registra nome, faixa/filtro, equipe e pontos; não registra quem concedeu a faixa-preta."
OBS-A5A49D2D1D22,P-B21F0B2CD2,SRC-IBJJF-ADULT-BLACK-GI-M-P4,https://ibjjf.com/2026-athletes-ranking?filters%5Bage_division%5D=adult&filters%5Bbelt%5D=black&filters%5Bgender%5D=male&filters%5Bs%5D=ranking-geral-gi&page=4,IBJJF,ranking oficial,preta,adulto,gi,masculino,34,199.0,CheckMat International,2026-06-17,2026-07-05,observação competitiva oficial,não inferir a partir do ranking,"A fonte registra nome, faixa/filtro, equipe e pontos; não registra quem concedeu a faixa-preta."
OBS-61DA954BC3ED,P-C063B72264,SRC-IBJJF-ADULT-BLACK-GI-M-P4,https://ibjjf.com/2026-athletes-ranking?filters%5Bage_division%5D=adult&filters%5Bbelt%5D=black&filters%5Bgender%5D=male&filters%5Bs%5D=ranking-geral-gi&page=4,IBJJF,ranking oficial,preta,adulto,gi,masculino,35,199.0,Alliance JJ,2026-06-17,2026-07-05,observação competitiva oficial,não inferir a partir do ranking,"A fonte registra nome, faixa/filtro, equipe e pontos; não registra quem concedeu a faixa-preta."
OBS-45D404AD9760,P-32E964D2C4,SRC-IBJJF-ADULT-BLACK-GI-M-P4,https://ibjjf.com/2026-athletes-ranking?filters%5Bage_division%5D=adult&filters%5Bbelt%5D=black&filters%5Bgender%5D=male&filters%5Bs%5D=ranking-geral-gi&page=4,IBJJF,ranking oficial,preta,adulto,gi,masculino,36,197.0,AOJ,2026-06-17,2026-07-05,observação competitiva oficial,não inferir a partir do ranking,"A fonte registra nome, faixa/filtro, equipe e pontos; não registra quem concedeu a faixa-preta."
OBS-3014C3980D48,P-85DEB2A989,SRC-IBJJF-ADULT-BLACK-GI-M-P4,https://ibjjf.com/2026-athletes-ranking?filters%5Bage_division%5D=adult&filters%5Bbelt%5D=black&filters%5Bgender%5D=male&filters%5Bs%5D=ranking-geral-gi&page=4,IBJJF,ranking oficial,preta,adulto,gi,masculino,37,192.5,Renzo Gracie Orlando,2026-06-17,2026-07-05,observação competitiva oficial,não inferir a partir do ranking,"A fonte registra nome, faixa/filtro, equipe e pontos; não registra quem concedeu a faixa-preta."
OBS-B64382772571,P-C186EA66C2,SRC-IBJJF-ADULT-BLACK-GI-M-P4,https://ibjjf.com/2026-athletes-ranking?filters%5Bage_division%5D=adult&filters%5Bbelt%5D=black&filters%5Bgender%5D=male&filters%5Bs%5D=ranking-geral-gi&page=4,IBJJF,ranking oficial,preta,adulto,gi,masculino,38,187.5,Rodrigo Pinheiro BJJ,2026-06-17,2026-07-05,observação competitiva oficial,não inferir a partir do ranking,"A fonte registra nome, faixa/filtro, equipe e pontos; não registra quem concedeu a faixa-preta."
OBS-75F30B79FA4F,P-F3ACCDDB25,SRC-IBJJF-ADULT-BLACK-GI-M-P4,https://ibjjf.com/2026-athletes-ranking?filters%5Bage_division%5D=adult&filters%5Bbelt%5D=black&filters%5Bgender%5D=male&filters%5Bs%5D=ranking-geral-gi&page=4,IBJJF,ranking oficial,preta,adulto,gi,masculino,39,185.0,Action & Reaction MMA Toronto,2026-06-17,2026-07-05,observação competitiva oficial,não inferir a partir do ranking,"A fonte registra nome, faixa/filtro, equipe e pontos; não registra quem concedeu a faixa-preta."
OBS-53D1B8F4EB87,P-7442223468,SRC-IBJJF-ADULT-BLACK-GI-M-P4,https://ibjjf.com/2026-athletes-ranking?filters%5Bage_division%5D=adult&filters%5Bbelt%5D=black&filters%5Bgender%5D=male&filters%5Bs%5D=ranking-geral-gi&page=4,IBJJF,ranking oficial,preta,adulto,gi,masculino,40,181.5,GFTeam / Orlando Jr,2026-06-17,2026-07-05,observação competitiva oficial,não inferir a partir do ranking,"A fonte registra nome, faixa/filtro, equipe e pontos; não registra quem concedeu a faixa-preta."
OBS-2E5C066A8455,P-3584CFDFB9,SRC-IBJJF-ADULT-BLACK-GI-M-P5,https://ibjjf.com/2026-athletes-ranking?filters%5Bage_division%5D=adult&filters%5Bbelt%5D=black&filters%5Bgender%5D=male&filters%5Bs%5D=ranking-geral-gi&page=5,IBJJF,ranking oficial,preta,adulto,gi,masculino,42,180.5,Six Blades Jiu-Jitsu,2026-07-01,2026-07-05,observação competitiva oficial,não inferir a partir do ranking,"A fonte registra nome, faixa/filtro, equipe e pontos; não registra quem concedeu a faixa-preta."
OBS-462816E89146,P-85236EAB05,SRC-IBJJF-ADULT-BLACK-GI-M-P5,https://ibjjf.com/2026-athletes-ranking?filters%5Bage_division%5D=adult&filters%5Bbelt%5D=black&filters%5Bgender%5D=male&filters%5Bs%5D=ranking-geral-gi&page=5,IBJJF,ranking oficial,preta,adulto,gi,masculino,43,179.5,Six Blades Jiu-Jitsu - Brasil,2026-07-01,2026-07-05,observação competitiva oficial,não inferir a partir do ranking,"A fonte registra nome, faixa/filtro, equipe e pontos; não registra quem concedeu a faixa-preta."
OBS-8CAAE4860B0A,P-C5B4FA9DC8,SRC-IBJJF-ADULT-BLACK-GI-M-P5,https://ibjjf.com/2026-athletes-ranking?filters%5Bage_division%5D=adult&filters%5Bbelt%5D=black&filters%5Bgender%5D=male&filters%5Bs%5D=ranking-geral-gi&page=5,IBJJF,ranking oficial,preta,adulto,gi,masculino,44,179.0,Marcio Andre Jiu-Jitsu,2026-07-01,2026-07-05,observação competitiva oficial,não inferir a partir do ranking,"A fonte registra nome, faixa/filtro, equipe e pontos; não registra quem concedeu a faixa-preta."
OBS-22BCD9E2414B,P-49B04619C8,SRC-IBJJF-ADULT-BLACK-GI-M-P5,https://ibjjf.com/2026-athletes-ranking?filters%5Bage_division%5D=adult&filters%5Bbelt%5D=black&filters%5Bgender%5D=male&filters%5Bs%5D=ranking-geral-gi&page=5,IBJJF,ranking oficial,preta,adulto,gi,masculino,45,177.0,Alliance San Diego,2026-07-01,2026-07-05,observação competitiva oficial,não inferir a partir do ranking,"A fonte registra nome, faixa/filtro, equipe e pontos; não registra quem concedeu a faixa-preta."
OBS-20439DEEC2BA,P-C6D75967AB,SRC-IBJJF-ADULT-BLACK-GI-M-P5,https://ibjjf.com/2026-athletes-ranking?filters%5Bage_division%5D=adult&filters%5Bbelt%5D=black&filters%5Bgender%5D=male&filters%5Bs%5D=ranking-geral-gi&page=5,IBJJF,ranking oficial,preta,adulto,gi,masculino,46,175.5,Campeão United Jiu-Jitsu,2026-07-01,2026-07-05,observação competitiva oficial,não inferir a partir do ranking,"A fonte registra nome, faixa/filtro, equipe e pontos; não registra quem concedeu a faixa-preta."
OBS-72FA71F5FF97,P-4B4D7256BA,SRC-IBJJF-ADULT-BLACK-GI-M-P5,https://ibjjf.com/2026-athletes-ranking?filters%5Bage_division%5D=adult&filters%5Bbelt%5D=black&filters%5Bgender%5D=male&filters%5Bs%5D=ranking-geral-gi&page=5,IBJJF,ranking oficial,preta,adulto,gi,masculino,47,174.0,Alliance JJ,2026-07-01,2026-07-05,observação competitiva oficial,não inferir a partir do ranking,"A fonte registra nome, faixa/filtro, equipe e pontos; não registra quem concedeu a faixa-preta."
OBS-3735EA07E09B,P-84285E7FDC,SRC-IBJJF-ADULT-BLACK-GI-M-P5,https://ibjjf.com/2026-athletes-ranking?filters%5Bage_division%5D=adult&filters%5Bbelt%5D=black&filters%5Bgender%5D=male&filters%5Bs%5D=ranking-geral-gi&page=5,IBJJF,ranking oficial,preta,adulto,gi,masculino,48,173.0,Outer Heaven,2026-07-01,2026-07-05,observação competitiva oficial,não inferir a partir do ranking,"A fonte registra nome, faixa/filtro, equipe e pontos; não registra quem concedeu a faixa-preta."
OBS-9BBBF2EA6BAF,P-119DA4473D,SRC-IBJJF-ADULT-BLACK-GI-M-P5,https://ibjjf.com/2026-athletes-ranking?filters%5Bage_division%5D=adult&filters%5Bbelt%5D=black&filters%5Bgender%5D=male&filters%5Bs%5D=ranking-geral-gi&page=5,IBJJF,ranking oficial,preta,adulto,gi,masculino,49,170.0,AOJ,2026-07-01,2026-07-05,observação competitiva oficial,não inferir a partir do ranking,"A fonte registra nome, faixa/filtro, equipe e pontos; não registra quem concedeu a faixa-preta."
OBS-DF512F7BE8D1,P-04C0280CD3,SRC-IBJJF-ADULT-BLACK-GI-M-P5,https://ibjjf.com/2026-athletes-ranking?filters%5Bage_division%5D=adult&filters%5Bbelt%5D=black&filters%5Bgender%5D=male&filters%5Bs%5D=ranking-geral-gi&page=5,IBJJF,ranking oficial,preta,adulto,gi,masculino,50,169.5,Gregor Gracie Jiu-Jitsu,2026-07-01,2026-07-05,observação competitiva oficial,não inferir a partir do ranking,"A fonte registra nome, faixa/filtro, equipe e pontos; não registra quem concedeu a faixa-preta."
OBS-6F9FA6A1B5F8,P-FD07745122,SRC-IBJJF-ADULT-BLACK-GI-M-P6,https://ibjjf.com/2026-athletes-ranking?filters%5Bage_division%5D=adult&filters%5Bbelt%5D=black&filters%5Bgender%5D=male&filters%5Bs%5D=ranking-geral-gi&page=6,IBJJF,ranking oficial,preta,adulto,gi,masculino,51,164.5,ZR Team Pernambuco,2026-06-17,2026-07-05,observação competitiva oficial,não inferir a partir do ranking,"A fonte registra nome, faixa/filtro, equipe e pontos; não registra quem concedeu a faixa-preta."
OBS-6A32E3D5A7DE,P-19A3880C18,SRC-IBJJF-ADULT-BLACK-GI-F-P1,https://ibjjf.com/2026-athletes-ranking?filters%5Bage_division%5D=adult&filters%5Bbelt%5D=black&filters%5Bgender%5D=female&filters%5Bs%5D=ranking-geral-gi,IBJJF,ranking oficial,preta,adulto,gi,feminino,1,1933.5,Infight Jiu-Jitsu,2026-07-01,2026-07-05,observação competitiva oficial,não inferir a partir do ranking,"A fonte registra nome, faixa/filtro, equipe e pontos; não registra quem concedeu a faixa-preta."
OBS-648F359482D1,P-122DF0F356,SRC-IBJJF-ADULT-BLACK-GI-F-P1,https://ibjjf.com/2026-athletes-ranking?filters%5Bage_division%5D=adult&filters%5Bbelt%5D=black&filters%5Bgender%5D=female&filters%5Bs%5D=ranking-geral-gi,IBJJF,ranking oficial,preta,adulto,gi,feminino,2,1051.0,Elementum Jiu-Jitsu,2026-07-01,2026-07-05,observação competitiva oficial,não inferir a partir do ranking,"A fonte registra nome, faixa/filtro, equipe e pontos; não registra quem concedeu a faixa-preta."
OBS-F81CACD8D5D2,P-CEB556A565,SRC-IBJJF-ADULT-BLACK-GI-F-P1,https://ibjjf.com/2026-athletes-ranking?filters%5Bage_division%5D=adult&filters%5Bbelt%5D=black&filters%5Bgender%5D=female&filters%5Bs%5D=ranking-geral-gi,IBJJF,ranking oficial,preta,adulto,gi,feminino,3,868.5,Atos Jiu Jitsu USA,2026-07-01,2026-07-05,observação competitiva oficial,não inferir a partir do ranking,"A fonte registra nome, faixa/filtro, equipe e pontos; não registra quem concedeu a faixa-preta."
OBS-E7957471B348,P-B8A6609A25,SRC-IBJJF-ADULT-BLACK-GI-F-P1,https://ibjjf.com/2026-athletes-ranking?filters%5Bage_division%5D=adult&filters%5Bbelt%5D=black&filters%5Bgender%5D=female&filters%5Bs%5D=ranking-geral-gi,IBJJF,ranking oficial,preta,adulto,gi,feminino,4,667.0,AOJ,2026-07-01,2026-07-05,observação competitiva oficial,não inferir a partir do ranking,"A fonte registra nome, faixa/filtro, equipe e pontos; não registra quem concedeu a faixa-preta."
OBS-CFD39BDDB681,P-4964218F10,SRC-IBJJF-ADULT-BLACK-GI-F-P1,https://ibjjf.com/2026-athletes-ranking?filters%5Bage_division%5D=adult&filters%5Bbelt%5D=black&filters%5Bgender%5D=female&filters%5Bs%5D=ranking-geral-gi,IBJJF,ranking oficial,preta,adulto,gi,feminino,5,555.0,Alliance USA,2026-07-01,2026-07-05,observação competitiva oficial,não inferir a partir do ranking,"A fonte registra nome, faixa/filtro, equipe e pontos; não registra quem concedeu a faixa-preta."
OBS-15A276AB27F5,P-4B248C632B,SRC-IBJJF-ADULT-BLACK-GI-F-P1,https://ibjjf.com/2026-athletes-ranking?filters%5Bage_division%5D=adult&filters%5Bbelt%5D=black&filters%5Bgender%5D=female&filters%5Bs%5D=ranking-geral-gi,IBJJF,ranking oficial,preta,adulto,gi,feminino,6,471.0,AOJ,2026-07-01,2026-07-05,observação competitiva oficial,não inferir a partir do ranking,"A fonte registra nome, faixa/filtro, equipe e pontos; não registra quem concedeu a faixa-preta."
OBS-3408A0E53411,P-0C49D4E91A,SRC-IBJJF-ADULT-BLACK-GI-F-P1,https://ibjjf.com/2026-athletes-ranking?filters%5Bage_division%5D=adult&filters%5Bbelt%5D=black&filters%5Bgender%5D=female&filters%5Bs%5D=ranking-geral-gi,IBJJF,ranking oficial,preta,adulto,gi,feminino,7,388.5,Alliance USA,2026-07-01,2026-07-05,observação competitiva oficial,não inferir a partir do ranking,"A fonte registra nome, faixa/filtro, equipe e pontos; não registra quem concedeu a faixa-preta."
OBS-8BEDA59660A9,P-32916A5AF0,SRC-IBJJF-ADULT-BLACK-GI-F-P1,https://ibjjf.com/2026-athletes-ranking?filters%5Bage_division%5D=adult&filters%5Bbelt%5D=black&filters%5Bgender%5D=female&filters%5Bs%5D=ranking-geral-gi,IBJJF,ranking oficial,preta,adulto,gi,feminino,8,388.5,DreamArt,2026-07-01,2026-07-05,observação competitiva oficial,não inferir a partir do ranking,"A fonte registra nome, faixa/filtro, equipe e pontos; não registra quem concedeu a faixa-preta."
OBS-75383C4D6ABD,P-9F11F01914,SRC-IBJJF-ADULT-BLACK-GI-F-P1,https://ibjjf.com/2026-athletes-ranking?filters%5Bage_division%5D=adult&filters%5Bbelt%5D=black&filters%5Bgender%5D=female&filters%5Bs%5D=ranking-geral-gi,IBJJF,ranking oficial,preta,adulto,gi,feminino,9,380.5,JFC Almeida JJ,2026-07-01,2026-07-05,observação competitiva oficial,não inferir a partir do ranking,"A fonte registra nome, faixa/filtro, equipe e pontos; não registra quem concedeu a faixa-preta."
OBS-C458931A9F99,P-4675B56260,SRC-IBJJF-ADULT-BLACK-GI-F-P1,https://ibjjf.com/2026-athletes-ranking?filters%5Bage_division%5D=adult&filters%5Bbelt%5D=black&filters%5Bgender%5D=female&filters%5Bs%5D=ranking-geral-gi,IBJJF,ranking oficial,preta,adulto,gi,feminino,10,378.0,UAE Jiu-Jitsu Team,2026-07-01,2026-07-05,observação competitiva oficial,não inferir a partir do ranking,"A fonte registra nome, faixa/filtro, equipe e pontos; não registra quem concedeu a faixa-preta."
OBS-9212BACD9E30,P-DDB86E6E85,SRC-IBJJF-ADULT-BLACK-GI-F-P2,https://ibjjf.com/2026-athletes-ranking?filters%5Bage_division%5D=adult&filters%5Bbelt%5D=black&filters%5Bgender%5D=female&filters%5Bs%5D=ranking-geral-gi&page=2,IBJJF,ranking oficial,preta,adulto,gi,feminino,11,372.0,Fratres Brazilian Jiu-Jitsu,2026-06-22,2026-07-05,observação competitiva oficial,não inferir a partir do ranking,"A fonte registra nome, faixa/filtro, equipe e pontos; não registra quem concedeu a faixa-preta."
OBS-0D935EE91816,P-34D4518CCA,SRC-IBJJF-ADULT-BLACK-GI-F-P2,https://ibjjf.com/2026-athletes-ranking?filters%5Bage_division%5D=adult&filters%5Bbelt%5D=black&filters%5Bgender%5D=female&filters%5Bs%5D=ranking-geral-gi&page=2,IBJJF,ranking oficial,preta,adulto,gi,feminino,12,358.5,JFC Almeida JJ,2026-06-22,2026-07-05,observação competitiva oficial,não inferir a partir do ranking,"A fonte registra nome, faixa/filtro, equipe e pontos; não registra quem concedeu a faixa-preta."
OBS-58C9838B1657,P-A7B3733A22,SRC-IBJJF-ADULT-BLACK-GI-F-P2,https://ibjjf.com/2026-athletes-ranking?filters%5Bage_division%5D=adult&filters%5Bbelt%5D=black&filters%5Bgender%5D=female&filters%5Bs%5D=ranking-geral-gi&page=2,IBJJF,ranking oficial,preta,adulto,gi,feminino,13,348.0,Atos JJ International,2026-06-22,2026-07-05,observação competitiva oficial,não inferir a partir do ranking,"A fonte registra nome, faixa/filtro, equipe e pontos; não registra quem concedeu a faixa-preta."
OBS-B18B8A0485C7,P-04E64BF228,SRC-IBJJF-ADULT-BLACK-GI-F-P2,https://ibjjf.com/2026-athletes-ranking?filters%5Bage_division%5D=adult&filters%5Bbelt%5D=black&filters%5Bgender%5D=female&filters%5Bs%5D=ranking-geral-gi&page=2,IBJJF,ranking oficial,preta,adulto,gi,feminino,14,326.5,Pax Jiu-Jitsu Academy,2026-06-22,2026-07-05,observação competitiva oficial,não inferir a partir do ranking,"A fonte registra nome, faixa/filtro, equipe e pontos; não registra quem concedeu a faixa-preta."
OBS-CE9B4058C3D5,P-F38EC4B288,SRC-IBJJF-ADULT-BLACK-GI-F-P2,https://ibjjf.com/2026-athletes-ranking?filters%5Bage_division%5D=adult&filters%5Bbelt%5D=black&filters%5Bgender%5D=female&filters%5Bs%5D=ranking-geral-gi&page=2,IBJJF,ranking oficial,preta,adulto,gi,feminino,15,301.0,Gracie Humaita South Bay,2026-06-22,2026-07-05,observação competitiva oficial,não inferir a partir do ranking,"A fonte registra nome, faixa/filtro, equipe e pontos; não registra quem concedeu a faixa-preta."
OBS-43C8290000D5,P-C626E2F283,SRC-IBJJF-ADULT-BLACK-GI-F-P2,https://ibjjf.com/2026-athletes-ranking?filters%5Bage_division%5D=adult&filters%5Bbelt%5D=black&filters%5Bgender%5D=female&filters%5Bs%5D=ranking-geral-gi&page=2,IBJJF,ranking oficial,preta,adulto,gi,feminino,16,286.0,AGR Jiu-Jitsu,2026-06-22,2026-07-05,observação competitiva oficial,não inferir a partir do ranking,"A fonte registra nome, faixa/filtro, equipe e pontos; não registra quem concedeu a faixa-preta."
OBS-A64D2A3C54D3,P-14FB0D5355,SRC-IBJJF-ADULT-BLACK-GI-F-P2,https://ibjjf.com/2026-athletes-ranking?filters%5Bage_division%5D=adult&filters%5Bbelt%5D=black&filters%5Bgender%5D=female&filters%5Bs%5D=ranking-geral-gi&page=2,IBJJF,ranking oficial,preta,adulto,gi,feminino,17,270.0,Six Blades Jiu-Jitsu Fort Worth - Team Marra,2026-06-22,2026-07-05,observação competitiva oficial,não inferir a partir do ranking,"A fonte registra nome, faixa/filtro, equipe e pontos; não registra quem concedeu a faixa-preta."
OBS-130C5DF1E1FD,P-DE7EEF0F14,SRC-IBJJF-ADULT-BLACK-GI-F-P2,https://ibjjf.com/2026-athletes-ranking?filters%5Bage_division%5D=adult&filters%5Bbelt%5D=black&filters%5Bgender%5D=female&filters%5Bs%5D=ranking-geral-gi&page=2,IBJJF,ranking oficial,preta,adulto,gi,feminino,18,269.0,Alliance Inland Empire,2026-06-22,2026-07-05,observação competitiva oficial,não inferir a partir do ranking,"A fonte registra nome, faixa/filtro, equipe e pontos; não registra quem concedeu a faixa-preta."
OBS-40CBDCC9A183,P-1B2726C256,SRC-IBJJF-ADULT-BLACK-GI-F-P2,https://ibjjf.com/2026-athletes-ranking?filters%5Bage_division%5D=adult&filters%5Bbelt%5D=black&filters%5Bgender%5D=female&filters%5Bs%5D=ranking-geral-gi&page=2,IBJJF,ranking oficial,preta,adulto,gi,feminino,19,268.0,AOJ,2026-06-22,2026-07-05,observação competitiva oficial,não inferir a partir do ranking,"A fonte registra nome, faixa/filtro, equipe e pontos; não registra quem concedeu a faixa-preta."
OBS-353B14BE5299,P-282E0CB7F5,SRC-IBJJF-ADULT-BLACK-GI-F-P2,https://ibjjf.com/2026-athletes-ranking?filters%5Bage_division%5D=adult&filters%5Bbelt%5D=black&filters%5Bgender%5D=female&filters%5Bs%5D=ranking-geral-gi&page=2,IBJJF,ranking oficial,preta,adulto,gi,feminino,20,264.5,Fight Sports,2026-06-22,2026-07-05,observação competitiva oficial,não inferir a partir do ranking,"A fonte registra nome, faixa/filtro, equipe e pontos; não registra quem concedeu a faixa-preta."
OBS-F72D918F8A01,P-3A366CE44C,SRC-IBJJF-ADULT-BLACK-GI-F-P3,https://ibjjf.com/2026-athletes-ranking?filters%5Bage_division%5D=adult&filters%5Bbelt%5D=black&filters%5Bgender%5D=female&filters%5Bs%5D=ranking-geral-gi&page=3,IBJJF,ranking oficial,preta,adulto,gi,feminino,24,248.0,CheckMat/Equipe 1,2026-07-01,2026-07-05,observação competitiva oficial,não inferir a partir do ranking,"A fonte registra nome, faixa/filtro, equipe e pontos; não registra quem concedeu a faixa-preta."
OBS-794275ACAC02,P-0863BF4B0F,SRC-IBJJF-ADULT-BLACK-GI-F-P3,https://ibjjf.com/2026-athletes-ranking?filters%5Bage_division%5D=adult&filters%5Bbelt%5D=black&filters%5Bgender%5D=female&filters%5Bs%5D=ranking-geral-gi&page=3,IBJJF,ranking oficial,preta,adulto,gi,feminino,25,245.5,Double Five Highland Village,2026-07-01,2026-07-05,observação competitiva oficial,não inferir a partir do ranking,"A fonte registra nome, faixa/filtro, equipe e pontos; não registra quem concedeu a faixa-preta."
OBS-935DA7F92FC7,P-8BA80EED6A,SRC-IBJJF-ADULT-BLACK-GI-F-P3,https://ibjjf.com/2026-athletes-ranking?filters%5Bage_division%5D=adult&filters%5Bbelt%5D=black&filters%5Bgender%5D=female&filters%5Bs%5D=ranking-geral-gi&page=3,IBJJF,ranking oficial,preta,adulto,gi,feminino,26,237.0,Gracie Barra Alabama,2026-07-01,2026-07-05,observação competitiva oficial,não inferir a partir do ranking,"A fonte registra nome, faixa/filtro, equipe e pontos; não registra quem concedeu a faixa-preta."
OBS-8CC6A5625760,P-269A26A1D9,SRC-IBJJF-ADULT-BLACK-GI-F-P3,https://ibjjf.com/2026-athletes-ranking?filters%5Bage_division%5D=adult&filters%5Bbelt%5D=black&filters%5Bgender%5D=female&filters%5Bs%5D=ranking-geral-gi&page=3,IBJJF,ranking oficial,preta,adulto,gi,feminino,27,231.0,Lebre Jiu-Jitsu Academy,2026-07-01,2026-07-05,observação competitiva oficial,não inferir a partir do ranking,"A fonte registra nome, faixa/filtro, equipe e pontos; não registra quem concedeu a faixa-preta."
OBS-F1ECC1FA9E79,P-1599542AE2,SRC-IBJJF-ADULT-BLACK-GI-F-P3,https://ibjjf.com/2026-athletes-ranking?filters%5Bage_division%5D=adult&filters%5Bbelt%5D=black&filters%5Bgender%5D=female&filters%5Bs%5D=ranking-geral-gi&page=3,IBJJF,ranking oficial,preta,adulto,gi,feminino,28,228.0,Marcio Andre Jiu-Jitsu,2026-07-01,2026-07-05,observação competitiva oficial,não inferir a partir do ranking,"A fonte registra nome, faixa/filtro, equipe e pontos; não registra quem concedeu a faixa-preta."
OBS-B76607896E01,P-72F24A544E,SRC-IBJJF-ADULT-BLACK-GI-F-P3,https://ibjjf.com/2026-athletes-ranking?filters%5Bage_division%5D=adult&filters%5Bbelt%5D=black&filters%5Bgender%5D=female&filters%5Bs%5D=ranking-geral-gi&page=3,IBJJF,ranking oficial,preta,adulto,gi,feminino,29,207.0,Mekka Jiu-Jitsu,2026-07-01,2026-07-05,observação competitiva oficial,não inferir a partir do ranking,"A fonte registra nome, faixa/filtro, equipe e pontos; não registra quem concedeu a faixa-preta."
OBS-FA9C335BBF41,P-D3073BA784,SRC-IBJJF-ADULT-BLACK-GI-F-P3,https://ibjjf.com/2026-athletes-ranking?filters%5Bage_division%5D=adult&filters%5Bbelt%5D=black&filters%5Bgender%5D=female&filters%5Bs%5D=ranking-geral-gi&page=3,IBJJF,ranking oficial,preta,adulto,gi,feminino,30,204.0,Aspire To Inspire,2026-07-01,2026-07-05,observação competitiva oficial,não inferir a partir do ranking,"A fonte registra nome, faixa/filtro, equipe e pontos; não registra quem concedeu a faixa-preta."
OBS-947708F23A3F,P-80463AB749,SRC-IBJJF-ADULT-BLACK-GI-F-P4,https://ibjjf.com/2026-athletes-ranking?filters%5Bage_division%5D=adult&filters%5Bbelt%5D=black&filters%5Bgender%5D=female&filters%5Bs%5D=ranking-geral-gi&page=4,IBJJF,ranking oficial,preta,adulto,gi,feminino,31,195.5,Hilti BJJ Berlin,2026-07-01,2026-07-05,observação competitiva oficial,não inferir a partir do ranking,"A fonte registra nome, faixa/filtro, equipe e pontos; não registra quem concedeu a faixa-preta."
OBS-66C904D5D4F3,P-7A35BEAC3B,SRC-IBJJF-ADULT-BLACK-GI-F-P4,https://ibjjf.com/2026-athletes-ranking?filters%5Bage_division%5D=adult&filters%5Bbelt%5D=black&filters%5Bgender%5D=female&filters%5Bs%5D=ranking-geral-gi&page=4,IBJJF,ranking oficial,preta,adulto,gi,feminino,32,188.0,JFC Almeida JJ,2026-07-01,2026-07-05,observação competitiva oficial,não inferir a partir do ranking,"A fonte registra nome, faixa/filtro, equipe e pontos; não registra quem concedeu a faixa-preta."
OBS-4344EC8D5A84,P-CDA4949E50,SRC-IBJJF-ADULT-BLACK-GI-F-P4,https://ibjjf.com/2026-athletes-ranking?filters%5Bage_division%5D=adult&filters%5Bbelt%5D=black&filters%5Bgender%5D=female&filters%5Bs%5D=ranking-geral-gi&page=4,IBJJF,ranking oficial,preta,adulto,gi,feminino,33,181.0,Fratres Brazilian Jiu-Jitsu,2026-07-01,2026-07-05,observação competitiva oficial,não inferir a partir do ranking,"A fonte registra nome, faixa/filtro, equipe e pontos; não registra quem concedeu a faixa-preta."
OBS-281003DEAB67,P-81EFC80345,SRC-IBJJF-ADULT-BLACK-GI-F-P4,https://ibjjf.com/2026-athletes-ranking?filters%5Bage_division%5D=adult&filters%5Bbelt%5D=black&filters%5Bgender%5D=female&filters%5Bs%5D=ranking-geral-gi&page=4,IBJJF,ranking oficial,preta,adulto,gi,feminino,34,168.5,DreamArt,2026-07-01,2026-07-05,observação competitiva oficial,não inferir a partir do ranking,"A fonte registra nome, faixa/filtro, equipe e pontos; não registra quem concedeu a faixa-preta."
OBS-899A17AA8023,P-C9F333C721,SRC-IBJJF-ADULT-BLACK-GI-F-P4,https://ibjjf.com/2026-athletes-ranking?filters%5Bage_division%5D=adult&filters%5Bbelt%5D=black&filters%5Bgender%5D=female&filters%5Bs%5D=ranking-geral-gi&page=4,IBJJF,ranking oficial,preta,adulto,gi,feminino,35,161.5,Team Forsa,2026-07-01,2026-07-05,observação competitiva oficial,não inferir a partir do ranking,"A fonte registra nome, faixa/filtro, equipe e pontos; não registra quem concedeu a faixa-preta."
OBS-1BC83D9246C1,P-CFB73E9C70,SRC-IBJJF-ADULT-BLACK-GI-F-P4,https://ibjjf.com/2026-athletes-ranking?filters%5Bage_division%5D=adult&filters%5Bbelt%5D=black&filters%5Bgender%5D=female&filters%5Bs%5D=ranking-geral-gi&page=4,IBJJF,ranking oficial,preta,adulto,gi,feminino,36,160.5,B.F.T Jiu-Jitsu,2026-07-01,2026-07-05,observação competitiva oficial,não inferir a partir do ranking,"A fonte registra nome, faixa/filtro, equipe e pontos; não registra quem concedeu a faixa-preta."
OBS-5B01BEC2B544,P-A20A45C082,SRC-IBJJF-ADULT-BLACK-GI-F-P4,https://ibjjf.com/2026-athletes-ranking?filters%5Bage_division%5D=adult&filters%5Bbelt%5D=black&filters%5Bgender%5D=female&filters%5Bs%5D=ranking-geral-gi&page=4,IBJJF,ranking oficial,preta,adulto,gi,feminino,37,156.5,Barreto Jiu-Jitsu,2026-07-01,2026-07-05,observação competitiva oficial,não inferir a partir do ranking,"A fonte registra nome, faixa/filtro, equipe e pontos; não registra quem concedeu a faixa-preta."
OBS-7419AE5926DE,P-C842F355C8,SRC-IBJJF-ADULT-BLACK-GI-F-P4,https://ibjjf.com/2026-athletes-ranking?filters%5Bage_division%5D=adult&filters%5Bbelt%5D=black&filters%5Bgender%5D=female&filters%5Bs%5D=ranking-geral-gi&page=4,IBJJF,ranking oficial,preta,adulto,gi,feminino,38,156.0,Bruno Bastos BJJ Midland,2026-07-01,2026-07-05,observação competitiva oficial,não inferir a partir do ranking,"A fonte registra nome, faixa/filtro, equipe e pontos; não registra quem concedeu a faixa-preta."
OBS-D0477B83C454,P-33E7F3BB04,SRC-IBJJF-ADULT-BLACK-GI-F-P4,https://ibjjf.com/2026-athletes-ranking?filters%5Bage_division%5D=adult&filters%5Bbelt%5D=black&filters%5Bgender%5D=female&filters%5Bs%5D=ranking-geral-gi&page=4,IBJJF,ranking oficial,preta,adulto,gi,feminino,39,156.0,Tony Passos Jiu-Jitsu,2026-07-01,2026-07-05,observação competitiva oficial,não inferir a partir do ranking,"A fonte registra nome, faixa/filtro, equipe e pontos; não registra quem concedeu a faixa-preta."
OBS-BA8149C429B2,P-0C15C27538,SRC-IBJJF-ADULT-BLACK-GI-F-P4,https://ibjjf.com/2026-athletes-ranking?filters%5Bage_division%5D=adult&filters%5Bbelt%5D=black&filters%5Bgender%5D=female&filters%5Bs%5D=ranking-geral-gi&page=4,IBJJF,ranking oficial,preta,adulto,gi,feminino,40,155.0,Alliance Greenville,2026-07-01,2026-07-05,observação competitiva oficial,não inferir a partir do ranking,"A fonte registra nome, faixa/filtro, equipe e pontos; não registra quem concedeu a faixa-preta."
OBS-E31B129B9050,P-5B2CB35BBC,SRC-IBJJF-ADULT-BLACK-GI-F-P5,https://ibjjf.com/2026-athletes-ranking?filters%5Bage_division%5D=adult&filters%5Bbelt%5D=black&filters%5Bgender%5D=female&filters%5Bs%5D=ranking-geral-gi&page=5,IBJJF,ranking oficial,preta,adulto,gi,feminino,41,153.0,Midland 092 Jiu-Jitsu Academy,2026-07-01,2026-07-05,observação competitiva oficial,não inferir a partir do ranking,"A fonte registra nome, faixa/filtro, equipe e pontos; não registra quem concedeu a faixa-preta."
OBS-FAB3BE6FFD6B,P-39FA819931,SRC-IBJJF-ADULT-BLACK-GI-F-P5,https://ibjjf.com/2026-athletes-ranking?filters%5Bage_division%5D=adult&filters%5Bbelt%5D=black&filters%5Bgender%5D=female&filters%5Bs%5D=ranking-geral-gi&page=5,IBJJF,ranking oficial,preta,adulto,gi,feminino,42,150.5,Gracie Barra Centro São Gonçalo,2026-07-01,2026-07-05,observação competitiva oficial,não inferir a partir do ranking,"A fonte registra nome, faixa/filtro, equipe e pontos; não registra quem concedeu a faixa-preta."
OBS-A1220E406A33,P-5315AF0D80,SRC-IBJJF-ADULT-BLACK-GI-F-P5,https://ibjjf.com/2026-athletes-ranking?filters%5Bage_division%5D=adult&filters%5Bbelt%5D=black&filters%5Bgender%5D=female&filters%5Bs%5D=ranking-geral-gi&page=5,IBJJF,ranking oficial,preta,adulto,gi,feminino,43,148.5,GFTeam Redentor,2026-07-01,2026-07-05,observação competitiva oficial,não inferir a partir do ranking,"A fonte registra nome, faixa/filtro, equipe e pontos; não registra quem concedeu a faixa-preta."
OBS-FB014427A00D,P-3A6A9355A5,SRC-IBJJF-ADULT-BLACK-GI-F-P5,https://ibjjf.com/2026-athletes-ranking?filters%5Bage_division%5D=adult&filters%5Bbelt%5D=black&filters%5Bgender%5D=female&filters%5Bs%5D=ranking-geral-gi&page=5,IBJJF,ranking oficial,preta,adulto,gi,feminino,44,147.0,JFC Almeida JJ,2026-07-01,2026-07-05,observação competitiva oficial,não inferir a partir do ranking,"A fonte registra nome, faixa/filtro, equipe e pontos; não registra quem concedeu a faixa-preta."
OBS-365DDB7111EC,P-92C9A02F64,SRC-IBJJF-ADULT-BLACK-GI-F-P5,https://ibjjf.com/2026-athletes-ranking?filters%5Bage_division%5D=adult&filters%5Bbelt%5D=black&filters%5Bgender%5D=female&filters%5Bs%5D=ranking-geral-gi&page=5,IBJJF,ranking oficial,preta,adulto,gi,feminino,45,146.0,DreamArt,2026-07-01,2026-07-05,observação competitiva oficial,não inferir a partir do ranking,"A fonte registra nome, faixa/filtro, equipe e pontos; não registra quem concedeu a faixa-preta."
OBS-D531F11A12DB,P-9DA7F1CD86,SRC-IBJJF-ADULT-BLACK-GI-F-P5,https://ibjjf.com/2026-athletes-ranking?filters%5Bage_division%5D=adult&filters%5Bbelt%5D=black&filters%5Bgender%5D=female&filters%5Bs%5D=ranking-geral-gi&page=5,IBJJF,ranking oficial,preta,adulto,gi,feminino,46,142.0,Fight Sports,2026-07-01,2026-07-05,observação competitiva oficial,não inferir a partir do ranking,"A fonte registra nome, faixa/filtro, equipe e pontos; não registra quem concedeu a faixa-preta."
OBS-87148BA35042,P-BD0754DD6B,SRC-IBJJF-ADULT-BLACK-GI-F-P5,https://ibjjf.com/2026-athletes-ranking?filters%5Bage_division%5D=adult&filters%5Bbelt%5D=black&filters%5Bgender%5D=female&filters%5Bs%5D=ranking-geral-gi&page=5,IBJJF,ranking oficial,preta,adulto,gi,feminino,47,141.0,CheckMat International,2026-07-01,2026-07-05,observação competitiva oficial,não inferir a partir do ranking,"A fonte registra nome, faixa/filtro, equipe e pontos; não registra quem concedeu a faixa-preta."
OBS-8EEB3A718C48,P-30543AF452,SRC-IBJJF-ADULT-BLACK-GI-F-P5,https://ibjjf.com/2026-athletes-ranking?filters%5Bage_division%5D=adult&filters%5Bbelt%5D=black&filters%5Bgender%5D=female&filters%5Bs%5D=ranking-geral-gi&page=5,IBJJF,ranking oficial,preta,adulto,gi,feminino,48,140.5,Roger Gracie Academy,2026-07-01,2026-07-05,observação competitiva oficial,não inferir a partir do ranking,"A fonte registra nome, faixa/filtro, equipe e pontos; não registra quem concedeu a faixa-preta."
OBS-EC673B919C22,P-4888A7EBF7,SRC-IBJJF-ADULT-BLACK-GI-F-P5,https://ibjjf.com/2026-athletes-ranking?filters%5Bage_division%5D=adult&filters%5Bbelt%5D=black&filters%5Bgender%5D=female&filters%5Bs%5D=ranking-geral-gi&page=5,IBJJF,ranking oficial,preta,adulto,gi,feminino,49,140.0,GF Team,2026-07-01,2026-07-05,observação competitiva oficial,não inferir a partir do ranking,"A fonte registra nome, faixa/filtro, equipe e pontos; não registra quem concedeu a faixa-preta."
OBS-11F399396424,P-72CF4130D1,SRC-IBJJF-ADULT-BLACK-GI-F-P5,https://ibjjf.com/2026-athletes-ranking?filters%5Bage_division%5D=adult&filters%5Bbelt%5D=black&filters%5Bgender%5D=female&filters%5Bs%5D=ranking-geral-gi&page=5,IBJJF,ranking oficial,preta,adulto,gi,feminino,50,138.0,Fratres Brazilian Jiu-Jitsu,2026-07-01,2026-07-05,observação competitiva oficial,não inferir a partir do ranking,"A fonte registra nome, faixa/filtro, equipe e pontos; não registra quem concedeu a faixa-preta."
OBS-3BFB52364760,P-03F07FB129,SRC-IBJJF-ADULT-BLACK-GI-F-P6,https://ibjjf.com/2026-athletes-ranking?filters%5Bage_division%5D=adult&filters%5Bbelt%5D=black&filters%5Bgender%5D=female&filters%5Bs%5D=ranking-geral-gi&page=6,IBJJF,ranking oficial,preta,adulto,gi,feminino,51,138.0,GFTeam Charlotte,2026-06-24,2026-07-05,observação competitiva oficial,não inferir a partir do ranking,"A fonte registra nome, faixa/filtro, equipe e pontos; não registra quem concedeu a faixa-preta."
OBS-0DC394C0AF02,P-0DC0595DAC,SRC-IBJJF-ADULT-BLACK-GI-F-P6,https://ibjjf.com/2026-athletes-ranking?filters%5Bage_division%5D=adult&filters%5Bbelt%5D=black&filters%5Bgender%5D=female&filters%5Bs%5D=ranking-geral-gi&page=6,IBJJF,ranking oficial,preta,adulto,gi,feminino,52,137.5,Lotus Club,2026-06-24,2026-07-05,observação competitiva oficial,não inferir a partir do ranking,"A fonte registra nome, faixa/filtro, equipe e pontos; não registra quem concedeu a faixa-preta."
OBS-9B91C7D1CF8D,P-DEA6D4A674,SRC-IBJJF-ADULT-BLACK-GI-F-P6,https://ibjjf.com/2026-athletes-ranking?filters%5Bage_division%5D=adult&filters%5Bbelt%5D=black&filters%5Bgender%5D=female&filters%5Bs%5D=ranking-geral-gi&page=6,IBJJF,ranking oficial,preta,adulto,gi,feminino,53,135.0,Atos JJ International,2026-06-24,2026-07-05,observação competitiva oficial,não inferir a partir do ranking,"A fonte registra nome, faixa/filtro, equipe e pontos; não registra quem concedeu a faixa-preta."
